"Адыгея", "Адыгейск";
"Адыгея", "Майкоп";
"Алтайский край", "Акташ";
"Алтайский край", "Акутиха";
"Алтайский край", "Алейск";
"Алтайский край", "Алтайский";
"Алтайский край", "Баево";
"Алтайский край", "Барнаул";
"Алтайский край", "Белово";
"Алтайский край", "Белокуриха";
"Алтайский край", "Белоярск";
"Алтайский край", "Бийск";
"Алтайский край", "Благовещенск";
"Алтайский край", "Боровлянка";
"Алтайский край", "Бурла";
"Алтайский край", "Бурсоль";
"Алтайский край", "Волчиха";
"Алтайский край", "Горно-Алтайск";
"Алтайский край", "Горняк";
"Алтайский край", "Ельцовка";
"Алтайский край", "Залесово";
"Алтайский край", "Заринск";
"Алтайский край", "Заток";
"Алтайский край", "Змеиногорск";
"Алтайский край", "Камень-на-Оби";
"Алтайский край", "Ключи";
"Алтайский край", "Кош-Агач";
"Алтайский край", "Красногорское";
"Алтайский край", "Краснощеково";
"Алтайский край", "Кулунда";
"Алтайский край", "Кытманово";
"Алтайский край", "Мамонтово";
"Алтайский край", "Новичиха";
"Алтайский край", "Новоалтайск";
"Алтайский край", "Онгудай";
"Алтайский край", "Павловск";
"Алтайский край", "Петропавловское";
"Алтайский край", "Поспелиха";
"Алтайский край", "Ребриха";
"Алтайский край", "Родино";
"Алтайский край", "Рубцовск";
"Алтайский край", "Славгород";
"Алтайский край", "Смоленское";
"Алтайский край", "Солонешное";
"Алтайский край", "Солтон";
"Алтайский край", "Староаллейское";
"Алтайский край", "Табуны";
"Алтайский край", "Тальменка";
"Алтайский край", "Топчиха";
"Алтайский край", "Троицкое";
"Алтайский край", "Турочак";
"Алтайский край", "Тюменцево";
"Алтайский край", "Угловское";
"Алтайский край", "Усть-Калманка";
"Алтайский край", "Усть-Кан";
"Алтайский край", "Усть-Кокса";
"Алтайский край", "Усть-Улаган";
"Алтайский край", "Усть-Чарышская Пристань";
"Алтайский край", "Хабары";
"Алтайский край", "Целинное";
"Алтайский край", "Чарышское";
"Алтайский край", "Шебалино";
"Алтайский край", "Шелаболиха";
"Алтайский край", "Шипуново";
"Амурская обл.", "Айгунь";
"Амурская обл.", "Архара";
"Амурская обл.", "Белогорск";
"Амурская обл.", "Благовещенск (Амурская обл.)";
"Амурская обл.", "Бурея";
"Амурская обл.", "Возжаевка";
"Амурская обл.", "Екатеринославка";
"Амурская обл.", "Ерофей Павлович";
"Амурская обл.", "Завитинск";
"Амурская обл.", "Зея";
"Амурская обл.", "Златоустовск";
"Амурская обл.", "Ивановка";
"Амурская обл.", "Коболдо";
"Амурская обл.", "Магдагачи";
"Амурская обл.", "Новобурейский";
"Амурская обл.", "Поярково";
"Амурская обл.", "Райчихинск";
"Амурская обл.", "Ромны";
"Амурская обл.", "Свободный";
"Амурская обл.", "Серышево";
"Амурская обл.", "Сковородино";
"Амурская обл.", "Стойба";
"Амурская обл.", "Тамбовка";
"Амурская обл.", "Тында";
"Амурская обл.", "Шимановск";
"Амурская обл.", "Экимчан";
"Амурская обл.", "Ядрино";
"Архангельская обл.", "Амдерма";
"Архангельская обл.", "Архангельск";
"Архангельская обл.", "Березник";
"Архангельская обл.", "Вельск";
"Архангельская обл.", "Верхняя Тойма";
"Архангельская обл.", "Волошка";
"Архангельская обл.", "Вычегодский";
"Архангельская обл.", "Емца";
"Архангельская обл.", "Илеза";
"Архангельская обл.", "Ильинско-Подомское";
"Архангельская обл.", "Каргополь";
"Архангельская обл.", "Карпогоры";
"Архангельская обл.", "Кодино";
"Архангельская обл.", "Коноша";
"Архангельская обл.", "Коряжма";
"Архангельская обл.", "Котлас";
"Архангельская обл.", "Красноборск";
"Архангельская обл.", "Лешуконское";
"Архангельская обл.", "Мезень";
"Архангельская обл.", "Мирный";
"Архангельская обл.", "Нарьян-Мар";
"Архангельская обл.", "Новодвинск";
"Архангельская обл.", "Няндома";
"Архангельская обл.", "Онега";
"Архангельская обл.", "Пинега";
"Архангельская обл.", "Плесецк";
"Архангельская обл.", "Северодвинск";
"Архангельская обл.", "Сольвычегодск";
"Архангельская обл.", "Холмогоры";
"Архангельская обл.", "Шенкурск";
"Архангельская обл.", "Яренск";
"Астраханская обл.", "Астрахань";
"Астраханская обл.", "Ахтубинск";
"Астраханская обл.", "Верхний Баскунчак";
"Астраханская обл.", "Володарский";
"Астраханская обл.", "Енотаевка";
"Астраханская обл.", "Икряное";
"Астраханская обл.", "Камызяк";
"Астраханская обл.", "Капустин Яр";
"Астраханская обл.", "Красный Яр";
"Астраханская обл.", "Лиман";
"Астраханская обл.", "Началово";
"Астраханская обл.", "Харабали";
"Астраханская обл.", "Черный Яр";
"Башкортостан(Башкирия)", "Аксаково";
"Башкортостан(Башкирия)", "Амзя";
"Башкортостан(Башкирия)", "Аскино";
"Башкортостан(Башкирия)", "Баймак";
"Башкортостан(Башкирия)", "Бакалы";
"Башкортостан(Башкирия)", "Белебей";
"Башкортостан(Башкирия)", "Белорецк";
"Башкортостан(Башкирия)", "Бижбуляк";
"Башкортостан(Башкирия)", "Бирск";
"Башкортостан(Башкирия)", "Благовещенск";
"Башкортостан(Башкирия)", "Большеустьикинское";
"Башкортостан(Башкирия)", "Бураево";
"Башкортостан(Башкирия)", "Верхнеяркеево";
"Башкортостан(Башкирия)", "Верхние Киги";
"Башкортостан(Башкирия)", "Верхние Татышлы";
"Башкортостан(Башкирия)", "Верхний Авзян";
"Башкортостан(Башкирия)", "Давлеканово";
"Башкортостан(Башкирия)", "Дуван";
"Башкортостан(Башкирия)", "Дюртюли";
"Башкортостан(Башкирия)", "Ермекеево";
"Башкортостан(Башкирия)", "Ермолаево";
"Башкортостан(Башкирия)", "Зилаир";
"Башкортостан(Башкирия)", "Зирган";
"Башкортостан(Башкирия)", "Иглино";
"Башкортостан(Башкирия)", "Инзер";
"Башкортостан(Башкирия)", "Исянгулово";
"Башкортостан(Башкирия)", "Ишимбай";
"Башкортостан(Башкирия)", "Кананикольское";
"Башкортостан(Башкирия)", "Кандры";
"Башкортостан(Башкирия)", "Караидель";
"Башкортостан(Башкирия)", "Караидельский";
"Башкортостан(Башкирия)", "Киргиз-Мияки";
"Башкортостан(Башкирия)", "Красноусольский";
"Башкортостан(Башкирия)", "Кумертау";
"Башкортостан(Башкирия)", "Кушнаренково";
"Башкортостан(Башкирия)", "Малояз";
"Башкортостан(Башкирия)", "Мелеуз";
"Башкортостан(Башкирия)", "Месягутово";
"Башкортостан(Башкирия)", "Мраково";
"Башкортостан(Башкирия)", "Нефтекамск";
"Башкортостан(Башкирия)", "Октябрьский";
"Башкортостан(Башкирия)", "Раевский";
"Башкортостан(Башкирия)", "Салават";
"Башкортостан(Башкирия)", "Сибай";
"Башкортостан(Башкирия)", "Старобалтачево";
"Башкортостан(Башкирия)", "Старосубхангулово";
"Башкортостан(Башкирия)", "Стерлибашево";
"Башкортостан(Башкирия)", "Стерлитамак";
"Башкортостан(Башкирия)", "Туймазы";
"Башкортостан(Башкирия)", "Уфа";
"Башкортостан(Башкирия)", "Учалы";
"Башкортостан(Башкирия)", "Федоровка";
"Башкортостан(Башкирия)", "Чекмагуш";
"Башкортостан(Башкирия)", "Чишмы";
"Башкортостан(Башкирия)", "Шаран";
"Башкортостан(Башкирия)", "Янаул";
"Белгородская обл.", "Алексеевка";
"Белгородская обл.", "Белгород";
"Белгородская обл.", "Борисовка";
"Белгородская обл.", "Валуйки";
"Белгородская обл.", "Вейделевка";
"Белгородская обл.", "Волоконовка";
"Белгородская обл.", "Грайворон";
"Белгородская обл.", "Губкин";
"Белгородская обл.", "Ивня";
"Белгородская обл.", "Короча";
"Белгородская обл.", "Красногвардейское";
"Белгородская обл.", "Новый Оскол";
"Белгородская обл.", "Ракитное";
"Белгородская обл.", "Ровеньки";
"Белгородская обл.", "Старый Оскол";
"Белгородская обл.", "Строитель";
"Белгородская обл.", "Чернянка";
"Белгородская обл.", "Шебекино";
"Брянская обл.", "Алтухово";
"Брянская обл.", "Белая Березка";
"Брянская обл.", "Белые Берега";
"Брянская обл.", "Большое Полпино";
"Брянская обл.", "Брянск";
"Брянская обл.", "Бытошь";
"Брянская обл.", "Выгоничи";
"Брянская обл.", "Вышков";
"Брянская обл.", "Гордеевка";
"Брянская обл.", "Дубровка";
"Брянская обл.", "Дятьково";
"Брянская обл.", "Жирятино";
"Брянская обл.", "Жуковка";
"Брянская обл.", "Злынка";
"Брянская обл.", "Ивот";
"Брянская обл.", "Карачев";
"Брянская обл.", "Клетня";
"Брянская обл.", "Климово";
"Брянская обл.", "Клинцы";
"Брянская обл.", "Кокаревка";
"Брянская обл.", "Комаричи";
"Брянская обл.", "Красная Гора";
"Брянская обл.", "Локоть";
"Брянская обл.", "Мглин";
"Брянская обл.", "Навля";
"Брянская обл.", "Новозыбков";
"Брянская обл.", "Погар";
"Брянская обл.", "Почеп";
"Брянская обл.", "Ржаница";
"Брянская обл.", "Рогнедино";
"Брянская обл.", "Севск";
"Брянская обл.", "Стародуб";
"Брянская обл.", "Суземка";
"Брянская обл.", "Сураж";
"Брянская обл.", "Трубчевск";
"Брянская обл.", "Унеча";
"Бурятия", "Бабушкин";
"Бурятия", "Багдарин";
"Бурятия", "Баргузин";
"Бурятия", "Баянгол";
"Бурятия", "Бичура";
"Бурятия", "Выдрино";
"Бурятия", "Гусиное Озеро";
"Бурятия", "Гусиноозерск";
"Бурятия", "Заиграево";
"Бурятия", "Закаменск";
"Бурятия", "Иволгинск";
"Бурятия", "Илька";
"Бурятия", "Кабанск";
"Бурятия", "Каменск";
"Бурятия", "Кижинга";
"Бурятия", "Курумкан";
"Бурятия", "Кырен";
"Бурятия", "Кяхта";
"Бурятия", "Монды";
"Бурятия", "Мухоршибирь";
"Бурятия", "Нижнеангарск";
"Бурятия", "Орлик";
"Бурятия", "Петропавловка";
"Бурятия", "Романовка";
"Бурятия", "Северобайкальск";
"Бурятия", "Селенгинск";
"Бурятия", "Сосново-Озерское";
"Бурятия", "Таксимо";
"Бурятия", "Турунтаево";
"Бурятия", "Улан-Удэ";
"Бурятия", "Хоринск";
"Владимирская обл.", "Александров";
"Владимирская обл.", "Андреево";
"Владимирская обл.", "Анопино";
"Владимирская обл.", "Бавлены";
"Владимирская обл.", "Балакирево";
"Владимирская обл.", "Боголюбово";
"Владимирская обл.", "Великодворский";
"Владимирская обл.", "Вербовский";
"Владимирская обл.", "Владимир";
"Владимирская обл.", "Вязники";
"Владимирская обл.", "Городищи";
"Владимирская обл.", "Гороховец";
"Владимирская обл.", "Гусевский";
"Владимирская обл.", "Гусь Хрустальный";
"Владимирская обл.", "Золотково";
"Владимирская обл.", "Иванищи";
"Владимирская обл.", "Камешково";
"Владимирская обл.", "Карабаново";
"Владимирская обл.", "Киржач";
"Владимирская обл.", "Ковров";
"Владимирская обл.", "Кольчугино";
"Владимирская обл.", "Красная Горбатка";
"Владимирская обл.", "Меленки";
"Владимирская обл.", "Муром";
"Владимирская обл.", "Петушки";
"Владимирская обл.", "Покров";
"Владимирская обл.", "Собинка";
"Владимирская обл.", "Судогда";
"Владимирская обл.", "Суздаль";
"Владимирская обл.", "Юрьев-Польский";
"Волгоградская обл.", "Алексеевская";
"Волгоградская обл.", "Алущевск";
"Волгоградская обл.", "Быково";
"Волгоградская обл.", "Волгоград";
"Волгоградская обл.", "Волжский";
"Волгоградская обл.", "Городище";
"Волгоградская обл.", "Дубовка";
"Волгоградская обл.", "Елань";
"Волгоградская обл.", "Жирновск";
"Волгоградская обл.", "Иловля";
"Волгоградская обл.", "Калач-на-Дону";
"Волгоградская обл.", "Камышин";
"Волгоградская обл.", "Кириллов";
"Волгоградская обл.", "Клетский";
"Волгоградская обл.", "Котельниково";
"Волгоградская обл.", "Котово";
"Волгоградская обл.", "Кумылженская";
"Волгоградская обл.", "Ленинск";
"Волгоградская обл.", "Михайловка";
"Волгоградская обл.", "Нехаевский";
"Волгоградская обл.", "Николаевск";
"Волгоградская обл.", "Новоаннинский";
"Волгоградская обл.", "Новониколаевский";
"Волгоградская обл.", "Ольховка";
"Волгоградская обл.", "Палласовка";
"Волгоградская обл.", "Рудня";
"Волгоградская обл.", "Светлый Яр";
"Волгоградская обл.", "Серафимович";
"Волгоградская обл.", "Средняя Ахтуба";
"Волгоградская обл.", "Сталинград";
"Волгоградская обл.", "Старая Полтавка";
"Волгоградская обл.", "Суровикино";
"Волгоградская обл.", "Урюпинск";
"Волгоградская обл.", "Фролово";
"Волгоградская обл.", "Чернышковский";
"Вологодская обл.", "Бабаево";
"Вологодская обл.", "Белозерск";
"Вологодская обл.", "Великий Устюг";
"Вологодская обл.", "Верховажье";
"Вологодская обл.", "Вожега";
"Вологодская обл.", "Вологда";
"Вологодская обл.", "Вохтога";
"Вологодская обл.", "Вытегра";
"Вологодская обл.", "Грязовец";
"Вологодская обл.", "Кадников";
"Вологодская обл.", "Кадуй";
"Вологодская обл.", "Кичменгский Городок";
"Вологодская обл.", "Липин Бор";
"Вологодская обл.", "Никольск";
"Вологодская обл.", "Нюксеница";
"Вологодская обл.", "Сокол";
"Вологодская обл.", "Сямжа";
"Вологодская обл.", "Тарногский Городок";
"Вологодская обл.", "Тотьма";
"Вологодская обл.", "Устюжна";
"Вологодская обл.", "Харовск";
"Вологодская обл.", "Чагода";
"Вологодская обл.", "Череповец";
"Вологодская обл.", "Шексна";
"Вологодская обл.", "Шуйское";
"Воронежская обл.", "Анна";
"Воронежская обл.", "Бобров";
"Воронежская обл.", "Богучар";
"Воронежская обл.", "Борисоглебск";
"Воронежская обл.", "Бутурлиновка";
"Воронежская обл.", "Верхний Мамон";
"Воронежская обл.", "Верхняя Хава";
"Воронежская обл.", "Воробьевка";
"Воронежская обл.", "Воронеж";
"Воронежская обл.", "Грибановский";
"Воронежская обл.", "Давыдовка";
"Воронежская обл.", "Елань-Коленовский";
"Воронежская обл.", "Калач";
"Воронежская обл.", "Кантемировка";
"Воронежская обл.", "Лиски";
"Воронежская обл.", "Нижнедевицк";
"Воронежская обл.", "Новая Усмань";
"Воронежская обл.", "нововоронеж";
"Воронежская обл.", "Новохоперск";
"Воронежская обл.", "Ольховатка";
"Воронежская обл.", "Острогожск";
"Воронежская обл.", "Павловск";
"Воронежская обл.", "Панино";
"Воронежская обл.", "Петропавловка";
"Воронежская обл.", "Поворино";
"Воронежская обл.", "Подгоренский";
"Воронежская обл.", "Рамонь";
"Воронежская обл.", "Репьевка";
"Воронежская обл.", "Россошь";
"Воронежская обл.", "Семилуки";
"Воронежская обл.", "Таловая";
"Воронежская обл.", "Терновка";
"Воронежская обл.", "Хохольский";
"Воронежская обл.", "Эртиль";
"Дагестан", "Агвали";
"Дагестан", "Акуша";
"Дагестан", "Ахты";
"Дагестан", "Ачису";
"Дагестан", "Бабаюрт";
"Дагестан", "Бежта";
"Дагестан", "Ботлих";
"Дагестан", "Буйнакск";
"Дагестан", "Вачи";
"Дагестан", "Гергебиль";
"Дагестан", "Гуниб";
"Дагестан", "Дагестанские Огни";
"Дагестан", "Дербент";
"Дагестан", "Дылым";
"Дагестан", "Ершовка";
"Дагестан", "Избербаш";
"Дагестан", "Карабудахкент";
"Дагестан", "Карата";
"Дагестан", "Каспийск";
"Дагестан", "Касумкент";
"Дагестан", "Кизилюрт";
"Дагестан", "Кизляр";
"Дагестан", "Кочубей";
"Дагестан", "Кумух";
"Дагестан", "Курах";
"Дагестан", "Магарамкент";
"Дагестан", "Маджалис";
"Дагестан", "Махачкала";
"Дагестан", "Мехельта";
"Дагестан", "Новолакское";
"Дагестан", "Рутул";
"Дагестан", "Советское";
"Дагестан", "Тарумовка";
"Дагестан", "Терекли-Мектеб";
"Дагестан", "Тлярата";
"Дагестан", "Тпиг";
"Дагестан", "Уркарах";
"Дагестан", "Хасавюрт";
"Дагестан", "Хив";
"Дагестан", "Хунзах";
"Дагестан", "Цуриб";
"Дагестан", "Южно-Сухокумск";
"Еврейская обл.", "Биробиджан";
"Ивановская обл.", "Архиповка";
"Ивановская обл.", "Верхний Ландех";
"Ивановская обл.", "Вичуга";
"Ивановская обл.", "Гаврилов Посад";
"Ивановская обл.", "Долматовский";
"Ивановская обл.", "Дуляпино";
"Ивановская обл.", "Заволжск";
"Ивановская обл.", "Заречный";
"Ивановская обл.", "Иваново";
"Ивановская обл.", "Иваньковский";
"Ивановская обл.", "Ильинское-Хованское";
"Ивановская обл.", "Каминский";
"Ивановская обл.", "Кинешма";
"Ивановская обл.", "Комсомольск";
"Ивановская обл.", "Кохма";
"Ивановская обл.", "Лух";
"Ивановская обл.", "Палех";
"Ивановская обл.", "Пестяки";
"Ивановская обл.", "Приволжск";
"Ивановская обл.", "Пучеж";
"Ивановская обл.", "Родники";
"Ивановская обл.", "Савино";
"Ивановская обл.", "Сокольское";
"Ивановская обл.", "Тейково";
"Ивановская обл.", "Фурманов";
"Ивановская обл.", "Шуя";
"Ивановская обл.", "Южа";
"Ивановская обл.", "Юрьевец";
"Иркутская обл.", "Алексеевск";
"Иркутская обл.", "Алзамай";
"Иркутская обл.", "Алыгжер";
"Иркутская обл.", "Ангарск";
"Иркутская обл.", "Артемовский";
"Иркутская обл.", "Атагай";
"Иркутская обл.", "Байкал";
"Иркутская обл.", "Байкальск";
"Иркутская обл.", "Балаганск";
"Иркутская обл.", "Баяндай";
"Иркутская обл.", "Бирюсинск";
"Иркутская обл.", "Бодайбо";
"Иркутская обл.", "Большая Речка";
"Иркутская обл.", "Большой Луг";
"Иркутская обл.", "Бохан";
"Иркутская обл.", "Братск";
"Иркутская обл.", "Видим";
"Иркутская обл.", "Витимский";
"Иркутская обл.", "Вихоревка";
"Иркутская обл.", "Еланцы";
"Иркутская обл.", "Ербогачен";
"Иркутская обл.", "Железногорск-Илимский";
"Иркутская обл.", "Жигалово";
"Иркутская обл.", "Забитуй";
"Иркутская обл.", "Залари";
"Иркутская обл.", "Звездный";
"Иркутская обл.", "Зима";
"Иркутская обл.", "Иркутск";
"Иркутская обл.", "Казачинское";
"Иркутская обл.", "Качуг";
"Иркутская обл.", "Квиток";
"Иркутская обл.", "Киренск";
"Иркутская обл.", "Куйтун";
"Иркутская обл.", "Култук";
"Иркутская обл.", "Кутулик";
"Иркутская обл.", "Мама";
"Иркутская обл.", "Нижнеудинск";
"Иркутская обл.", "Оса";
"Иркутская обл.", "Саянск";
"Иркутская обл.", "Слюдянка";
"Иркутская обл.", "Тайшет";
"Иркутская обл.", "Тулун";
"Иркутская обл.", "Усолье-Сибирское";
"Иркутская обл.", "Усть-Илимск";
"Иркутская обл.", "Усть-Кут";
"Иркутская обл.", "Усть-Ордынский";
"Иркутская обл.", "Усть-Уда";
"Иркутская обл.", "Черемхово";
"Иркутская обл.", "Чунский";
"Иркутская обл.", "Шелехов";
"Кабардино-Балкария", "Баксан";
"Кабардино-Балкария", "Майский";
"Кабардино-Балкария", "Нальчик";
"Кабардино-Балкария", "Нарткала";
"Кабардино-Балкария", "Прохладный";
"Кабардино-Балкария", "Советское";
"Кабардино-Балкария", "Терек";
"Кабардино-Балкария", "Тырныауз";
"Кабардино-Балкария", "Чегем-Первый";
"Калининградская обл.", "Багратионовск";
"Калининградская обл.", "Балтийск";
"Калининградская обл.", "Гвардейск";
"Калининградская обл.", "Гурьевск";
"Калининградская обл.", "Гусев";
"Калининградская обл.", "Железнодорожный";
"Калининградская обл.", "Зеленоградск";
"Калининградская обл.", "Знаменск";
"Калининградская обл.", "Калининград";
"Калининградская обл.", "Кёнигсберг";
"Калининградская обл.", "Кенисберг";
"Калининградская обл.", "Краснознаменск";
"Калининградская обл.", "Мамоново";
"Калининградская обл.", "Неман";
"Калининградская обл.", "Нестеров";
"Калининградская обл.", "Озерск";
"Калининградская обл.", "Полесск";
"Калининградская обл.", "Правдинск";
"Калининградская обл.", "Светлогорск";
"Калининградская обл.", "Светлый";
"Калининградская обл.", "Славск";
"Калининградская обл.", "Советск";
"Калининградская обл.", "Черняховск";
"Калмыкия", "Аршань";
"Калмыкия", "Каспийский";
"Калмыкия", "Комсомольский";
"Калмыкия", "Малые Дербеты";
"Калмыкия", "Приютное";
"Калмыкия", "Советское";
"Калмыкия", "Троицкое";
"Калмыкия", "Утта";
"Калмыкия", "Цаган-Аман";
"Калмыкия", "Элиста";
"Калмыкия", "Юста";
"Калмыкия", "Яшалта";
"Калмыкия", "Яшкуль";
"Калужская обл.", "Бабынино";
"Калужская обл.", "Балабаново";
"Калужская обл.", "Барятино";
"Калужская обл.", "Белоусово";
"Калужская обл.", "Бетлица";
"Калужская обл.", "Боровск";
"Калужская обл.", "Дугна";
"Калужская обл.", "Дудоровский";
"Калужская обл.", "Думиничи";
"Калужская обл.", "Еленский";
"Калужская обл.", "Жиздра";
"Калужская обл.", "Износки";
"Калужская обл.", "Калуга";
"Калужская обл.", "Киров";
"Калужская обл.", "Козельск";
"Калужская обл.", "Кондрово";
"Калужская обл.", "Людиново";
"Калужская обл.", "Малоярославец";
"Калужская обл.", "Медынь";
"Калужская обл.", "Мещовск";
"Калужская обл.", "Мосальск";
"Калужская обл.", "Обнинск";
"Калужская обл.", "Перемышль";
"Калужская обл.", "Спас-Деменск";
"Калужская обл.", "Сухиничи";
"Калужская обл.", "Таруса";
"Калужская обл.", "Ульяново";
"Калужская обл.", "Ферзиково";
"Калужская обл.", "Хвастовичи";
"Калужская обл.", "Юхнов";
"Камчатская обл.", "Атласово";
"Камчатская обл.", "Аянка";
"Камчатская обл.", "Большерецк";
"Камчатская обл.", "Вилючинск";
"Камчатская обл.", "Елизово";
"Камчатская обл.", "Ильпырский";
"Камчатская обл.", "Каменское";
"Камчатская обл.", "Кировский";
"Камчатская обл.", "Ключи";
"Камчатская обл.", "Крапивная";
"Камчатская обл.", "Мильково";
"Камчатская обл.", "Никольское";
"Камчатская обл.", "Озерновский";
"Камчатская обл.", "Оссора";
"Камчатская обл.", "Палана";
"Камчатская обл.", "Парень";
"Камчатская обл.", "Пахачи";
"Камчатская обл.", "Петропавловск-Камчатский";
"Камчатская обл.", "Тигиль";
"Камчатская обл.", "Тиличики";
"Камчатская обл.", "Усть-Большерецк";
"Камчатская обл.", "Усть-Камчатск";
"Карелия", "Амбарный";
"Карелия", "Беломорск";
"Карелия", "Валаам";
"Карелия", "Вирандозеро";
"Карелия", "Гирвас";
"Карелия", "Деревянка";
"Карелия", "Идель";
"Карелия", "Ильинский";
"Карелия", "Импалахти";
"Карелия", "Калевала";
"Карелия", "Кемь";
"Карелия", "Кестеньга";
"Карелия", "Кондопога";
"Карелия", "Костомукша";
"Карелия", "Лахденпохья";
"Карелия", "Лоухи";
"Карелия", "Медвежьегорск";
"Карелия", "Муезерский";
"Карелия", "Олонец";
"Карелия", "Петрозаводск";
"Карелия", "Питкяранта";
"Карелия", "Повенец";
"Карелия", "Пряжа";
"Карелия", "Пудож";
"Карелия", "Сегежа";
"Карелия", "Сортавала";
"Карелия", "Софпорог";
"Карелия", "Суоярви";
"Кемеровская обл.", "Анжеро-Судженск";
"Кемеровская обл.", "Барзас";
"Кемеровская обл.", "Белово";
"Кемеровская обл.", "Белогорск";
"Кемеровская обл.", "Березовский";
"Кемеровская обл.", "Грамотеино";
"Кемеровская обл.", "Гурьевск";
"Кемеровская обл.", "Ижморский";
"Кемеровская обл.", "Итатский";
"Кемеровская обл.", "Калтан";
"Кемеровская обл.", "Кедровка";
"Кемеровская обл.", "Кемерово";
"Кемеровская обл.", "Киселевск";
"Кемеровская обл.", "Крапивинский";
"Кемеровская обл.", "Ленинск-Кузнецкий";
"Кемеровская обл.", "Мариинск";
"Кемеровская обл.", "Междуреченск";
"Кемеровская обл.", "Мыски";
"Кемеровская обл.", "Новокузнецк";
"Кемеровская обл.", "Осинники";
"Кемеровская обл.", "Прокопьевск";
"Кемеровская обл.", "Промышленная";
"Кемеровская обл.", "Тайга";
"Кемеровская обл.", "Таштагол";
"Кемеровская обл.", "Тисуль";
"Кемеровская обл.", "Топки";
"Кемеровская обл.", "Тяжинский";
"Кемеровская обл.", "Юрга";
"Кемеровская обл.", "Яшкино";
"Кемеровская обл.", "Яя";
"Кировская обл.", "Арбаж";
"Кировская обл.", "Аркуль";
"Кировская обл.", "Белая Холуница";
"Кировская обл.", "Богородское";
"Кировская обл.", "Боровой";
"Кировская обл.", "Верхошижемье";
"Кировская обл.", "Вятские Поляны";
"Кировская обл.", "Зуевка";
"Кировская обл.", "Каринторф";
"Кировская обл.", "Кикнур";
"Кировская обл.", "Кильмезь";
"Кировская обл.", "Киров";
"Кировская обл.", "Кирово-Чепецк";
"Кировская обл.", "Кирс";
"Кировская обл.", "Кобра";
"Кировская обл.", "Котельнич";
"Кировская обл.", "Кумены";
"Кировская обл.", "Ленинское";
"Кировская обл.", "Луза";
"Кировская обл.", "Малмыж";
"Кировская обл.", "Мураши";
"Кировская обл.", "Нагорск";
"Кировская обл.", "Нема";
"Кировская обл.", "Нововятск";
"Кировская обл.", "Нолинск";
"Кировская обл.", "Омутнинск";
"Кировская обл.", "Опарино";
"Кировская обл.", "Оричи";
"Кировская обл.", "Пижанка";
"Кировская обл.", "Подосиновец";
"Кировская обл.", "Санчурск";
"Кировская обл.", "Свеча";
"Кировская обл.", "Слободской";
"Кировская обл.", "Советск";
"Кировская обл.", "Суна";
"Кировская обл.", "Тужа";
"Кировская обл.", "Уни";
"Кировская обл.", "Уржум";
"Кировская обл.", "Фаленки";
"Кировская обл.", "Халтурин";
"Кировская обл.", "Юрья";
"Кировская обл.", "Яранск";
"Коми", "Абезь";
"Коми", "Айкино";
"Коми", "Верхняя Инта";
"Коми", "Визинга";
"Коми", "Водный";
"Коми", "Вожаель";
"Коми", "Воркута";
"Коми", "Вуктыл";
"Коми", "Гешарт";
"Коми", "Елецкий";
"Коми", "Емва";
"Коми", "Заполярный";
"Коми", "Ижма";
"Коми", "Инта";
"Коми", "Ираель";
"Коми", "Каджером";
"Коми", "Кажым";
"Коми", "Кожым";
"Коми", "Койгородок";
"Коми", "Корткерос";
"Коми", "Кослан";
"Коми", "Объячево";
"Коми", "Печора";
"Коми", "Сосногорск";
"Коми", "Сыктывкар";
"Коми", "Троицко-Печерск";
"Коми", "Усинск";
"Коми", "Усогорск";
"Коми", "Усть-Кулом";
"Коми", "Усть-Цильма";
"Коми", "Ухта";
"Костромская обл.", "Антропово";
"Костромская обл.", "Боговарово";
"Костромская обл.", "Буй";
"Костромская обл.", "Волгореченск";
"Костромская обл.", "Галич";
"Костромская обл.", "Горчуха";
"Костромская обл.", "Зебляки";
"Костромская обл.", "Кадый";
"Костромская обл.", "Кологрив";
"Костромская обл.", "Кострома";
"Костромская обл.", "Красное-на-Волге";
"Костромская обл.", "Макарьев";
"Костромская обл.", "Мантурово";
"Костромская обл.", "Нерехта";
"Костромская обл.", "Нея";
"Костромская обл.", "Островское";
"Костромская обл.", "Павино";
"Костромская обл.", "Парфентьево";
"Костромская обл.", "Поназырево";
"Костромская обл.", "Солигалич";
"Костромская обл.", "Судиславль";
"Костромская обл.", "Сусанино";
"Костромская обл.", "Чухлома";
"Костромская обл.", "Шарья";
"Костромская обл.", "Шемятино";
"Краснодарский край", "Абинск";
"Краснодарский край", "Абрау-Дюрсо";
"Краснодарский край", "Анапа";
"Краснодарский край", "Апшеронск";
"Краснодарский край", "Армавир";
"Краснодарский край", "Архипо-Осиповка";
"Краснодарский край", "Афипский";
"Краснодарский край", "Ахтырский";
"Краснодарский край", "Ачуево";
"Краснодарский край", "Белореченск";
"Краснодарский край", "Верхнебаканский";
"Краснодарский край", "Выселки";
"Краснодарский край", "Геленджик";
"Краснодарский край", "Гиагинская";
"Краснодарский край", "Горячий Ключ";
"Краснодарский край", "Джубга";
"Краснодарский край", "Динская";
"Краснодарский край", "Ейск";
"Краснодарский край", "Ильский";
"Краснодарский край", "Кабардинка";
"Краснодарский край", "Калинино";
"Краснодарский край", "Калининская";
"Краснодарский край", "Каменномостский";
"Краснодарский край", "Каневская";
"Краснодарский край", "Кореновск";
"Краснодарский край", "Красноармейская";
"Краснодарский край", "Краснодар";
"Краснодарский край", "Кропоткин";
"Краснодарский край", "Крыловская";
"Краснодарский край", "Крымск";
"Краснодарский край", "Курганинск";
"Краснодарский край", "Кущевская";
"Краснодарский край", "Лабинск";
"Краснодарский край", "Лениградская";
"Краснодарский край", "Майкоп";
"Краснодарский край", "Мостовской";
"Краснодарский край", "Новороссийск";
"Краснодарский край", "Отрадная";
"Краснодарский край", "Павловская";
"Краснодарский край", "Приморско-Ахтарск";
"Краснодарский край", "Северская";
"Краснодарский край", "Славянск-на-Кубани";
"Краснодарский край", "Сочи";
"Краснодарский край", "Староминская";
"Краснодарский край", "Старощербиновская";
"Краснодарский край", "Тбилисская";
"Краснодарский край", "Темрюк";
"Краснодарский край", "Тимашевск";
"Краснодарский край", "Тихорецк";
"Краснодарский край", "Туапсе";
"Краснодарский край", "Тульский";
"Краснодарский край", "Усть-Лабинск";
"Краснодарский край", "Шовгеновский";
"Красноярский край", " Железногорск";
"Красноярский край", "Абаза";
"Красноярский край", "Абакан";
"Красноярский край", "Абан";
"Красноярский край", "Агинское";
"Красноярский край", "Артемовск";
"Красноярский край", "Аскиз";
"Красноярский край", "Ачинск";
"Красноярский край", "Байкит";
"Красноярский край", "Балахта";
"Красноярский край", "Балыкса";
"Красноярский край", "Белый Яр";
"Красноярский край", "Бельтырский";
"Красноярский край", "Бея";
"Красноярский край", "Бискамжа";
"Красноярский край", "Боготол";
"Красноярский край", "Боград";
"Красноярский край", "Богучаны";
"Красноярский край", "Большая Мурта";
"Красноярский край", "Большой Улуй";
"Красноярский край", "Бородино";
"Красноярский край", "Ванавара";
"Красноярский край", "Верхнеимбатск";
"Красноярский край", "Горячегорск";
"Красноярский край", "Дзержинское";
"Красноярский край", "Дивногорск";
"Красноярский край", "Диксон";
"Красноярский край", "Дудинка";
"Красноярский край", "Емельяново";
"Красноярский край", "Енисейск";
"Красноярский край", "Ермаковское";
"Красноярский край", "Заозерный";
"Красноярский край", "Зеленогорск";
"Красноярский край", "Игарка";
"Красноярский край", "Идринское";
"Красноярский край", "Иланский";
"Красноярский край", "Ирбейское";
"Красноярский край", "Казачинское";
"Красноярский край", "Канск";
"Красноярский край", "Каратузское";
"Красноярский край", "Караул";
"Красноярский край", "Кежма";
"Красноярский край", "Кодинск";
"Красноярский край", "Козулька";
"Красноярский край", "Копьево";
"Красноярский край", "Краснотуранск";
"Красноярский край", "Красноярск";
"Красноярский край", "Курагино";
"Красноярский край", "Лесосибирск";
"Красноярский край", "Минусинск";
"Красноярский край", "Мотыгино";
"Красноярский край", "Назарово";
"Красноярский край", "Нижний Ингаш";
"Красноярский край", "Новоселово";
"Красноярский край", "Норильск";
"Красноярский край", "Партизанское";
"Красноярский край", "Пировское";
"Красноярский край", "Саяногорск";
"Красноярский край", "Северо-Енисейский";
"Красноярский край", "Сосновоборск";
"Красноярский край", "Тасеево";
"Красноярский край", "Таштып";
"Красноярский край", "Тура";
"Красноярский край", "Туруханск";
"Красноярский край", "Тюхтет";
"Красноярский край", "Ужур";
"Красноярский край", "Усть-Авам";
"Красноярский край", "Уяр";
"Красноярский край", "Хатанга";
"Красноярский край", "Черемушки";
"Красноярский край", "Черногорск";
"Красноярский край", "Шалинское";
"Красноярский край", "Шарыпово";
"Красноярский край", "Шира";
"Красноярский край", "Шушенское";
"Курганская обл.", "Варгаши";
"Курганская обл.", "Глядянское";
"Курганская обл.", "Далматово";
"Курганская обл.", "Каргаполье";
"Курганская обл.", "Катайск";
"Курганская обл.", "Кетово";
"Курганская обл.", "Курган";
"Курганская обл.", "Куртамыш";
"Курганская обл.", "Лебяжье";
"Курганская обл.", "Макушино";
"Курганская обл.", "Мишкино";
"Курганская обл.", "Мокроусово";
"Курганская обл.", "Петухово";
"Курганская обл.", "Половинное";
"Курганская обл.", "Сафакулево";
"Курганская обл.", "Целинное";
"Курганская обл.", "Шадринск";
"Курганская обл.", "Шатрово";
"Курганская обл.", "Шумиха";
"Курганская обл.", "Щучье";
"Курганская обл.", "Юргамыш";
"Курская обл.", "Альменево";
"Курская обл.", "Белая";
"Курская обл.", "Большое Солдатское";
"Курская обл.", "Глушково";
"Курская обл.", "Горшечное";
"Курская обл.", "Дмитриев-Льговский";
"Курская обл.", "Железногорск";
"Курская обл.", "Золотухино";
"Курская обл.", "Касторное";
"Курская обл.", "Конышевка";
"Курская обл.", "Коренево";
"Курская обл.", "Курск";
"Курская обл.", "Курчатов";
"Курская обл.", "Кшенский";
"Курская обл.", "Льгов";
"Курская обл.", "Мантурово";
"Курская обл.", "Медвенка";
"Курская обл.", "Обоянь";
"Курская обл.", "Поныри";
"Курская обл.", "Пристень";
"Курская обл.", "Прямицыно";
"Курская обл.", "Рыльск";
"Курская обл.", "Суджа";
"Курская обл.", "Тим";
"Курская обл.", "Фатеж";
"Курская обл.", "Хомутовка";
"Курская обл.", "Черемисиново";
"Курская обл.", "Щигры";
"Липецкая обл.", "Грязи";
"Липецкая обл.", "Данхов";
"Липецкая обл.", "Доброе";
"Липецкая обл.", "Долгоруково";
"Липецкая обл.", "Елец";
"Липецкая обл.", "Задонск";
"Липецкая обл.", "Измалково";
"Липецкая обл.", "Казинка";
"Липецкая обл.", "Лебедянь";
"Липецкая обл.", "Лев Толстой";
"Липецкая обл.", "Липецк";
"Липецкая обл.", "Тербуны";
"Липецкая обл.", "Усмань";
"Липецкая обл.", "Хлевное";
"Липецкая обл.", "Чаплыгин";
"Магаданская обл.", "Анадырь";
"Магаданская обл.", "Атка";
"Магаданская обл.", "Балыгычан";
"Магаданская обл.", "Беринговский";
"Магаданская обл.", "Билибино";
"Магаданская обл.", "Большевик";
"Магаданская обл.", "Ванкарем";
"Магаданская обл.", "Иульитин";
"Магаданская обл.", "Кадыкчан";
"Магаданская обл.", "Лаврентия";
"Магаданская обл.", "Магадан";
"Магаданская обл.", "Мыс Шмидта";
"Магаданская обл.", "Ола";
"Магаданская обл.", "Омонск";
"Магаданская обл.", "Омсукчан";
"Магаданская обл.", "Палатка";
"Магаданская обл.", "Певек";
"Магаданская обл.", "Провидения";
"Магаданская обл.", "Сеймчан";
"Магаданская обл.", "Синегорье";
"Магаданская обл.", "Сусуман";
"Магаданская обл.", "Усть-Белая";
"Магаданская обл.", "Усть-Омчуг";
"Магаданская обл.", "Эвенск";
"Магаданская обл.", "Эгвекинот";
"Магаданская обл.", "Ягодное";
"Марий Эл", "Волжск";
"Марий Эл", "Дубовский";
"Марий Эл", "Звенигово";
"Марий Эл", "Йошкар-Ола";
"Марий Эл", "Килемары";
"Марий Эл", "Козьмодемьянск";
"Марий Эл", "Куженер";
"Марий Эл", "Мари-Турек";
"Марий Эл", "Медведево";
"Марий Эл", "Морки";
"Марий Эл", "Новый Торьял";
"Марий Эл", "Оршанка";
"Марий Эл", "Параньга";
"Марий Эл", "Сернур";
"Марий Эл", "Советский";
"Марий Эл", "Юрино";
"Мордовия", "Ардатов";
"Мордовия", "Атюрьево";
"Мордовия", "Атяшево";
"Мордовия", "Большие Березники";
"Мордовия", "Большое Игнатово";
"Мордовия", "Выша";
"Мордовия", "Ельники";
"Мордовия", "Зубова Поляна";
"Мордовия", "Инсар";
"Мордовия", "Кадошкино";
"Мордовия", "Кемля";
"Мордовия", "Ковылкино";
"Мордовия", "Комсомольский";
"Мордовия", "Кочкурово";
"Мордовия", "Краснослободск";
"Мордовия", "Лямбирь";
"Мордовия", "Ромоданово";
"Мордовия", "Рузаевка";
"Мордовия", "Саранск";
"Мордовия", "Старое Шайгово";
"Мордовия", "Темников";
"Мордовия", "Теньгушево";
"Мордовия", "Торбеево";
"Мордовия", "Чамзинка";
"Москва и Московская обл.", "Абрамцево";
"Москва и Московская обл.", "Алабино";
"Москва и Московская обл.", "Апрелевка";
"Москва и Московская обл.", "Архангельское";
"Москва и Московская обл.", "Ашитково";
"Москва и Московская обл.", "Байконур";
"Москва и Московская обл.", "Бакшеево";
"Москва и Московская обл.", "Балашиха";
"Москва и Московская обл.", "Барыбино";
"Москва и Московская обл.", "Белоомут";
"Москва и Московская обл.", "Белые Столбы";
"Москва и Московская обл.", "Бородино";
"Москва и Московская обл.", "Бронницы";
"Москва и Московская обл.", "Быково";
"Москва и Московская обл.", "Валуево";
"Москва и Московская обл.", "Вербилки";
"Москва и Московская обл.", "Верея";
"Москва и Московская обл.", "Видное";
"Москва и Московская обл.", "Внуково";
"Москва и Московская обл.", "Вождь Пролетариата";
"Москва и Московская обл.", "Волоколамск";
"Москва и Московская обл.", "Вороново";
"Москва и Московская обл.", "Воскресенск";
"Москва и Московская обл.", "Восточный";
"Москва и Московская обл.", "Востряково";
"Москва и Московская обл.", "Высоковск";
"Москва и Московская обл.", "Голицино";
"Москва и Московская обл.", "Деденево";
"Москва и Московская обл.", "Дедовск";
"Москва и Московская обл.", "Джержинский";
"Москва и Московская обл.", "Дмитров";
"Москва и Московская обл.", "Долгопрудный";
"Москва и Московская обл.", "Домодедово";
"Москва и Московская обл.", "Дорохово";
"Москва и Московская обл.", "Дрезна";
"Москва и Московская обл.", "Дубки";
"Москва и Московская обл.", "Дубна";
"Москва и Московская обл.", "Егорьевск";
"Москва и Московская обл.", "Железнодорожный";
"Москва и Московская обл.", "Жилево";
"Москва и Московская обл.", "Жуковский";
"Москва и Московская обл.", "Загорск";
"Москва и Московская обл.", "Загорянский";
"Москва и Московская обл.", "Запрудная";
"Москва и Московская обл.", "Зарайск";
"Москва и Московская обл.", "Звенигород";
"Москва и Московская обл.", "Зеленоград";
"Москва и Московская обл.", "Ивантеевка";
"Москва и Московская обл.", "Икша";
"Москва и Московская обл.", "Ильинский";
"Москва и Московская обл.", "Истра";
"Москва и Московская обл.", "Калининград";
"Москва и Московская обл.", "Кашира";
"Москва и Московская обл.", "Керва";
"Москва и Московская обл.", "Климовск";
"Москва и Московская обл.", "Клин";
"Москва и Московская обл.", "Клязьма";
"Москва и Московская обл.", "Кожино";
"Москва и Московская обл.", "Кокошкино";
"Москва и Московская обл.", "Коломна";
"Москва и Московская обл.", "Колюбакино";
"Москва и Московская обл.", "Королев";
"Москва и Московская обл.", "Косино";
"Москва и Московская обл.", "Котельники";
"Москва и Московская обл.", "Красково";
"Москва и Московская обл.", "Красноармейск";
"Москва и Московская обл.", "Красногорск";
"Москва и Московская обл.", "Краснозаводск";
"Москва и Московская обл.", "Краснознаменск";
"Москва и Московская обл.", "Красный Ткач";
"Москва и Московская обл.", "Крюково";
"Москва и Московская обл.", "Кубинка";
"Москва и Московская обл.", "Купавна";
"Москва и Московская обл.", "Куровское";
"Москва и Московская обл.", "Лесной Городок";
"Москва и Московская обл.", "Ликино-Дулево";
"Москва и Московская обл.", "Лобня";
"Москва и Московская обл.", "Лопатинский";
"Москва и Московская обл.", "Лосино-Петровский";
"Москва и Московская обл.", "Лотошино";
"Москва и Московская обл.", "Лукино";
"Москва и Московская обл.", "Луховицы";
"Москва и Московская обл.", "Лыткарино";
"Москва и Московская обл.", "Львовский";
"Москва и Московская обл.", "Люберцы";
"Москва и Московская обл.", "Малаховка";
"Москва и Московская обл.", "Михайловское";
"Москва и Московская обл.", "Михнево";
"Москва и Московская обл.", "Можайск";
"Москва и Московская обл.", "Монино";
"Москва и Московская обл.", "Москва";
"Москва и Московская обл.", "Муханово";
"Москва и Московская обл.", "Мытищи";
"Москва и Московская обл.", "Нарофоминск";
"Москва и Московская обл.", "Нахабино";
"Москва и Московская обл.", "Некрасовка";
"Москва и Московская обл.", "Немчиновка";
"Москва и Московская обл.", "Новобратцевский";
"Москва и Московская обл.", "Новоподрезково";
"Москва и Московская обл.", "Ногинск";
"Москва и Московская обл.", "Обухово";
"Москва и Московская обл.", "Одинцово";
"Москва и Московская обл.", "Ожерелье";
"Москва и Московская обл.", "Озеры";
"Москва и Московская обл.", "Октябрьский";
"Москва и Московская обл.", "Опалиха";
"Москва и Московская обл.", "Орехово-Зуево";
"Москва и Московская обл.", "Павловский Посад";
"Москва и Московская обл.", "Первомайский";
"Москва и Московская обл.", "Пески";
"Москва и Московская обл.", "Пироговский";
"Москва и Московская обл.", "Подольск";
"Москва и Московская обл.", "Полушкино";
"Москва и Московская обл.", "Правдинский";
"Москва и Московская обл.", "Привокзальный";
"Москва и Московская обл.", "Пролетарский";
"Москва и Московская обл.", "Протвино";
"Москва и Московская обл.", "Пушкино";
"Москва и Московская обл.", "Пущино";
"Москва и Московская обл.", "Радовицкий";
"Москва и Московская обл.", "Раменское";
"Москва и Московская обл.", "Реутов";
"Москва и Московская обл.", "Решетниково";
"Москва и Московская обл.", "Родники";
"Москва и Московская обл.", "Рошаль";
"Москва и Московская обл.", "Рублево";
"Москва и Московская обл.", "Руза";
"Москва и Московская обл.", "Салтыковка";
"Москва и Московская обл.", "Северный";
"Москва и Московская обл.", "Сергиев Посад";
"Москва и Московская обл.", "Серебряные Пруды";
"Москва и Московская обл.", "Серпухов";
"Москва и Московская обл.", "Солнечногорск";
"Москва и Московская обл.", "Солнцево";
"Москва и Московская обл.", "Софрино";
"Москва и Московская обл.", "Старая Купавна";
"Москва и Московская обл.", "Старбеево";
"Москва и Московская обл.", "Ступино";
"Москва и Московская обл.", "Сходня";
"Москва и Московская обл.", "Талдом";
"Москва и Московская обл.", "Текстильщик";
"Москва и Московская обл.", "Темпы";
"Москва и Московская обл.", "Тишково";
"Москва и Московская обл.", "Томилино";
"Москва и Московская обл.", "Троицк";
"Москва и Московская обл.", "Туголесский Бор";
"Москва и Московская обл.", "Тучково";
"Москва и Московская обл.", "Уваровка";
"Москва и Московская обл.", "Удельная";
"Москва и Московская обл.", "Успенское";
"Москва и Московская обл.", "Фирсановка";
"Москва и Московская обл.", "Фосфоритный";
"Москва и Московская обл.", "Фрязино";
"Москва и Московская обл.", "Фряново";
"Москва и Московская обл.", "Химки";
"Москва и Московская обл.", "Хорлово";
"Москва и Московская обл.", "Хотьково";
"Москва и Московская обл.", "Черкизово";
"Москва и Московская обл.", "Черноголовка";
"Москва и Московская обл.", "Черусти";
"Москва и Московская обл.", "Чехов";
"Москва и Московская обл.", "Шарапово";
"Москва и Московская обл.", "Шатура";
"Москва и Московская обл.", "Шатурторф";
"Москва и Московская обл.", "Шаховская";
"Москва и Московская обл.", "Шереметьевский";
"Москва и Московская обл.", "Щелково";
"Москва и Московская обл.", "Щербинка";
"Москва и Московская обл.", "Электрогорск";
"Москва и Московская обл.", "Электросталь";
"Москва и Московская обл.", "Электроугли";
"Москва и Московская обл.", "Яхрома";
"Мурманская обл.", "Апатиты";
"Мурманская обл.", "Африканда";
"Мурманская обл.", "Верхнетуломский";
"Мурманская обл.", "Заозерск";
"Мурманская обл.", "Заполярный";
"Мурманская обл.", "Зареченск";
"Мурманская обл.", "Зашеек";
"Мурманская обл.", "Зеленоборский";
"Мурманская обл.", "Кандалакша";
"Мурманская обл.", "Кильдинстрой";
"Мурманская обл.", "Кировск";
"Мурманская обл.", "Ковдор";
"Мурманская обл.", "Кола";
"Мурманская обл.", "Конда";
"Мурманская обл.", "Мончегорск";
"Мурманская обл.", "Мурманск";
"Мурманская обл.", "Мурмаши";
"Мурманская обл.", "Никель";
"Мурманская обл.", "Оленегорск";
"Мурманская обл.", "Полярные Зори";
"Мурманская обл.", "Полярный";
"Мурманская обл.", "Североморск";
"Мурманская обл.", "Снежногорск";
"Мурманская обл.", "Умба";
"Нижегородская (Горьковская)", "Ардатов";
"Нижегородская (Горьковская)", "Арзамас";
"Нижегородская (Горьковская)", "Арья";
"Нижегородская (Горьковская)", "Балахна";
"Нижегородская (Горьковская)", "Богородск";
"Нижегородская (Горьковская)", "Большереченск";
"Нижегородская (Горьковская)", "Большое Болдино";
"Нижегородская (Горьковская)", "Большое Козино";
"Нижегородская (Горьковская)", "Большое Мурашкино";
"Нижегородская (Горьковская)", "Большое Пикино";
"Нижегородская (Горьковская)", "Бор";
"Нижегородская (Горьковская)", "Бутурлино";
"Нижегородская (Горьковская)", "Вад";
"Нижегородская (Горьковская)", "Варнавино";
"Нижегородская (Горьковская)", "Васильсурск";
"Нижегородская (Горьковская)", "Вахтан";
"Нижегородская (Горьковская)", "Вача";
"Нижегородская (Горьковская)", "Велетьма";
"Нижегородская (Горьковская)", "Ветлуга";
"Нижегородская (Горьковская)", "Виля";
"Нижегородская (Горьковская)", "Вознесенское";
"Нижегородская (Горьковская)", "Володарск";
"Нижегородская (Горьковская)", "Воротынец";
"Нижегородская (Горьковская)", "Ворсма";
"Нижегородская (Горьковская)", "Воскресенское";
"Нижегородская (Горьковская)", "Выездное";
"Нижегородская (Горьковская)", "Выкса";
"Нижегородская (Горьковская)", "Гагино";
"Нижегородская (Горьковская)", "Гидроторф";
"Нижегородская (Горьковская)", "Горбатов";
"Нижегородская (Горьковская)", "Горбатовка";
"Нижегородская (Горьковская)", "Городец";
"Нижегородская (Горьковская)", "Горький";
"Нижегородская (Горьковская)", "Дальнее Константиново";
"Нижегородская (Горьковская)", "Дзержинск";
"Нижегородская (Горьковская)", "Дивеево";
"Нижегородская (Горьковская)", "Досчатое";
"Нижегородская (Горьковская)", "Заволжье";
"Нижегородская (Горьковская)", "Катунки";
"Нижегородская (Горьковская)", "Керженец";
"Нижегородская (Горьковская)", "Княгинино";
"Нижегородская (Горьковская)", "Ковернино";
"Нижегородская (Горьковская)", "Красные Баки";
"Нижегородская (Горьковская)", "Кстово";
"Нижегородская (Горьковская)", "Кулебаки";
"Нижегородская (Горьковская)", "Лукоянов";
"Нижегородская (Горьковская)", "Лысково";
"Нижегородская (Горьковская)", "Навашино";
"Нижегородская (Горьковская)", "Нижний Новгород";
"Нижегородская (Горьковская)", "Павлово";
"Нижегородская (Горьковская)", "Первомайск";
"Нижегородская (Горьковская)", "Перевоз";
"Нижегородская (Горьковская)", "Пильна";
"Нижегородская (Горьковская)", "Починки";
"Нижегородская (Горьковская)", "Саров";
"Нижегородская (Горьковская)", "Сергач";
"Нижегородская (Горьковская)", "Сеченово";
"Нижегородская (Горьковская)", "Сосновское";
"Нижегородская (Горьковская)", "Спасское";
"Нижегородская (Горьковская)", "Тонкино";
"Нижегородская (Горьковская)", "Тоншаево";
"Нижегородская (Горьковская)", "Уразовка";
"Нижегородская (Горьковская)", "Урень";
"Нижегородская (Горьковская)", "Чкаловск";
"Нижегородская (Горьковская)", "Шаранга";
"Нижегородская (Горьковская)", "Шатки";
"Нижегородская (Горьковская)", "Шахунья";
"Новгородская обл.", "Анциферово";
"Новгородская обл.", "Батецкий";
"Новгородская обл.", "Большая Вишера";
"Новгородская обл.", "Боровичи";
"Новгородская обл.", "Валдай";
"Новгородская обл.", "Волот";
"Новгородская обл.", "Деманск";
"Новгородская обл.", "Зарубино";
"Новгородская обл.", "Кресцы";
"Новгородская обл.", "Любытино";
"Новгородская обл.", "Малая Вишера";
"Новгородская обл.", "Марево";
"Новгородская обл.", "Мошенское";
"Новгородская обл.", "Новгород";
"Новгородская обл.", "Окуловка";
"Новгородская обл.", "Парфино";
"Новгородская обл.", "Пестово";
"Новгородская обл.", "Поддорье";
"Новгородская обл.", "Сольцы";
"Новгородская обл.", "Старая Русса";
"Новгородская обл.", "Хвойное";
"Новгородская обл.", "Холм";
"Новгородская обл.", "Чудово";
"Новгородская обл.", "Шимск";
"Новосибирская обл.", "Баган";
"Новосибирская обл.", "Барабинск";
"Новосибирская обл.", "Бердск";
"Новосибирская обл.", "Биаза";
"Новосибирская обл.", "Болотное";
"Новосибирская обл.", "Венгерово";
"Новосибирская обл.", "Довольное";
"Новосибирская обл.", "Завьялово";
"Новосибирская обл.", "Искитим";
"Новосибирская обл.", "Карасук";
"Новосибирская обл.", "Каргат";
"Новосибирская обл.", "Колывань";
"Новосибирская обл.", "Краснозерское";
"Новосибирская обл.", "Крутиха";
"Новосибирская обл.", "Куйбышев";
"Новосибирская обл.", "Купино";
"Новосибирская обл.", "Кыштовка";
"Новосибирская обл.", "Маслянино";
"Новосибирская обл.", "Михайловский";
"Новосибирская обл.", "Мошково";
"Новосибирская обл.", "Новосибирск";
"Новосибирская обл.", "Ордынское";
"Новосибирская обл.", "Северное";
"Новосибирская обл.", "Сузун";
"Новосибирская обл.", "Татарск";
"Новосибирская обл.", "Тогучин";
"Новосибирская обл.", "Убинское";
"Новосибирская обл.", "Усть-Тарка";
"Новосибирская обл.", "Чаны";
"Новосибирская обл.", "Черепаново";
"Новосибирская обл.", "Чистоозерное";
"Новосибирская обл.", "Чулым";
"Омская обл.", "Береговой";
"Омская обл.", "Большеречье";
"Омская обл.", "Большие Уки";
"Омская обл.", "Горьковское";
"Омская обл.", "Знаменское";
"Омская обл.", "Исилькуль";
"Омская обл.", "Калачинск";
"Омская обл.", "Колосовка";
"Омская обл.", "Кормиловка";
"Омская обл.", "Крутинка";
"Омская обл.", "Любинский";
"Омская обл.", "Марьяновка";
"Омская обл.", "Муромцево";
"Омская обл.", "Называевск";
"Омская обл.", "Нижняя Омка";
"Омская обл.", "Нововаршавка";
"Омская обл.", "Одесское";
"Омская обл.", "Оконешниково";
"Омская обл.", "Омск";
"Омская обл.", "Павлоградка";
"Омская обл.", "Полтавка";
"Омская обл.", "Русская Поляна";
"Омская обл.", "Саргатское";
"Омская обл.", "Седельниково";
"Омская обл.", "Таврическое";
"Омская обл.", "Тара";
"Омская обл.", "Тевриз";
"Омская обл.", "Тюкалинск";
"Омская обл.", "Усть-Ишим";
"Омская обл.", "Черлак";
"Омская обл.", "Шербакуль";
"Оренбургская обл.", "Абдулино";
"Оренбургская обл.", "Адамовка";
"Оренбургская обл.", "Айдырлинский";
"Оренбургская обл.", "Акбулак";
"Оренбургская обл.", "Аккермановка";
"Оренбургская обл.", "Асекеево";
"Оренбургская обл.", "Беляевка";
"Оренбургская обл.", "Бугуруслан";
"Оренбургская обл.", "Бузулук";
"Оренбургская обл.", "Гай";
"Оренбургская обл.", "Грачевка";
"Оренбургская обл.", "Домбаровский";
"Оренбургская обл.", "Дубенский";
"Оренбургская обл.", "Илек";
"Оренбургская обл.", "Ириклинский";
"Оренбургская обл.", "Кувандык";
"Оренбургская обл.", "Курманаевка";
"Оренбургская обл.", "Матвеевка";
"Оренбургская обл.", "Медногорск";
"Оренбургская обл.", "Новоорск";
"Оренбургская обл.", "Новосергиевка";
"Оренбургская обл.", "Новотроицк";
"Оренбургская обл.", "Октябрьское";
"Оренбургская обл.", "Оренбург";
"Оренбургская обл.", "Орск";
"Оренбургская обл.", "Первомайский";
"Оренбургская обл.", "Переволоцкий";
"Оренбургская обл.", "Пономаревка";
"Оренбургская обл.", "Саракташ";
"Оренбургская обл.", "Светлый";
"Оренбургская обл.", "Северное";
"Оренбургская обл.", "Соль-Илецк";
"Оренбургская обл.", "Сорочинск";
"Оренбургская обл.", "Ташла";
"Оренбургская обл.", "Тоцкое";
"Оренбургская обл.", "Тюльган";
"Оренбургская обл.", "Шарлык";
"Оренбургская обл.", "Энергетик";
"Оренбургская обл.", "Ясный";
"Орловская обл.", "Болхов";
"Орловская обл.", "Верховье";
"Орловская обл.", "Глазуновка";
"Орловская обл.", "Дмитровск-Орловский";
"Орловская обл.", "Долгое";
"Орловская обл.", "Залегощь";
"Орловская обл.", "Змиевка";
"Орловская обл.", "Знаменское";
"Орловская обл.", "Колпны";
"Орловская обл.", "Красная Заря";
"Орловская обл.", "Кромы";
"Орловская обл.", "Ливны";
"Орловская обл.", "Малоархангельск";
"Орловская обл.", "Мценск";
"Орловская обл.", "Нарышкино";
"Орловская обл.", "Новосиль";
"Орловская обл.", "Орел";
"Орловская обл.", "Покровское";
"Орловская обл.", "Сосково";
"Орловская обл.", "Тросна";
"Орловская обл.", "Хомутово";
"Орловская обл.", "Хотынец";
"Орловская обл.", "Шаблыкино";
"Пензенская обл.", "Башмаково";
"Пензенская обл.", "Беднодемьяновск";
"Пензенская обл.", "Беково";
"Пензенская обл.", "Белинский";
"Пензенская обл.", "Бессоновка";
"Пензенская обл.", "Вадинск";
"Пензенская обл.", "Верхозим";
"Пензенская обл.", "Городище";
"Пензенская обл.", "Евлашево";
"Пензенская обл.", "Земетчино";
"Пензенская обл.", "Золотаревка";
"Пензенская обл.", "Исса";
"Пензенская обл.", "Каменка";
"Пензенская обл.", "Колышлей";
"Пензенская обл.", "Кондоль";
"Пензенская обл.", "Кузнецк";
"Пензенская обл.", "Лопатино";
"Пензенская обл.", "Малая Сердоба";
"Пензенская обл.", "Мокшан";
"Пензенская обл.", "Наровчат";
"Пензенская обл.", "Неверкино";
"Пензенская обл.", "Нижний Ломов";
"Пензенская обл.", "Никольск";
"Пензенская обл.", "Пачелма";
"Пензенская обл.", "Пенза";
"Пензенская обл.", "Русский Камешкир";
"Пензенская обл.", "Сердобск";
"Пензенская обл.", "Сосновоборск";
"Пензенская обл.", "Сура";
"Пензенская обл.", "Тамала";
"Пензенская обл.", "Шемышейка";
"Пермская обл.", "Барда";
"Пермская обл.", "Березники";
"Пермская обл.", "Большая Соснова";
"Пермская обл.", "Верещагино";
"Пермская обл.", "Гайны";
"Пермская обл.", "Горнозаводск";
"Пермская обл.", "Гремячинск";
"Пермская обл.", "Губаха";
"Пермская обл.", "Добрянка";
"Пермская обл.", "Елово";
"Пермская обл.", "Зюкайка";
"Пермская обл.", "Ильинский";
"Пермская обл.", "Карагай";
"Пермская обл.", "Керчевский";
"Пермская обл.", "Кизел";
"Пермская обл.", "Коса";
"Пермская обл.", "Кочево";
"Пермская обл.", "Красновишерск";
"Пермская обл.", "Краснокамск";
"Пермская обл.", "Кудымкар";
"Пермская обл.", "Куеда";
"Пермская обл.", "Кунгур";
"Пермская обл.", "Лысьва";
"Пермская обл.", "Ныроб";
"Пермская обл.", "Нытва";
"Пермская обл.", "Октябрьский";
"Пермская обл.", "Орда";
"Пермская обл.", "Оса";
"Пермская обл.", "Оханск";
"Пермская обл.", "Очер";
"Пермская обл.", "Пермь";
"Пермская обл.", "Соликамск";
"Пермская обл.", "Суксун";
"Пермская обл.", "Уинское";
"Пермская обл.", "Усолье";
"Пермская обл.", "Усть-Кишерть";
"Пермская обл.", "Чайковский";
"Пермская обл.", "Частые";
"Пермская обл.", "Чердынь";
"Пермская обл.", "Чернореченский";
"Пермская обл.", "Чернушка";
"Пермская обл.", "Чусовой";
"Пермская обл.", "Юрла";
"Пермская обл.", "Юсьва";
"Приморский край", "Анучино";
"Приморский край", "Арсеньев";
"Приморский край", "Артем";
"Приморский край", "Артемовский";
"Приморский край", "Большой Камень";
"Приморский край", "Валентин";
"Приморский край", "Владивосток";
"Приморский край", "Высокогорск";
"Приморский край", "Горные Ключи";
"Приморский край", "Горный";
"Приморский край", "Дальнегорск";
"Приморский край", "Дальнереченск";
"Приморский край", "Зарубино";
"Приморский край", "Кавалерово";
"Приморский край", "Каменка";
"Приморский край", "Камень-Рыболов";
"Приморский край", "Кировский";
"Приморский край", "Лазо";
"Приморский край", "Лесозаводск";
"Приморский край", "Лучегорск";
"Приморский край", "Михайловка";
"Приморский край", "Находка";
"Приморский край", "Новопокровка";
"Приморский край", "Ольга";
"Приморский край", "Партизанск";
"Приморский край", "Пограничный";
"Приморский край", "Покровка";
"Приморский край", "Русский";
"Приморский край", "Самарга";
"Приморский край", "Славянка";
"Приморский край", "Спасск-Дальний";
"Приморский край", "Терней";
"Приморский край", "Уссурийск";
"Приморский край", "Фокино";
"Приморский край", "Хасан";
"Приморский край", "Хороль";
"Приморский край", "Черниговка";
"Приморский край", "Чугуевка";
"Приморский край", "Яковлевка";
"Псковская обл.", "Бежаницы";
"Псковская обл.", "Великие Луки";
"Псковская обл.", "Гдов";
"Псковская обл.", "Дедовичи";
"Псковская обл.", "Дно";
"Псковская обл.", "Заплюсье";
"Псковская обл.", "Идрица";
"Псковская обл.", "Красногородское";
"Псковская обл.", "Кунья";
"Псковская обл.", "Локня";
"Псковская обл.", "Невель";
"Псковская обл.", "Новоржев";
"Псковская обл.", "Новосокольники";
"Псковская обл.", "Опочка";
"Псковская обл.", "Остров";
"Псковская обл.", "Палкино";
"Псковская обл.", "Печоры";
"Псковская обл.", "Плюсса";
"Псковская обл.", "Порхов";
"Псковская обл.", "Псков";
"Псковская обл.", "Пустошка";
"Псковская обл.", "Пушкинские Горы";
"Псковская обл.", "Пыталово";
"Псковская обл.", "Себеж";
"Псковская обл.", "Струги-Красные";
"Псковская обл.", "Усвяты";
"Ростовская обл.", "Азов";
"Ростовская обл.", "Аксай";
"Ростовская обл.", "Алмазный";
"Ростовская обл.", "Аютинск";
"Ростовская обл.", "Багаевский";
"Ростовская обл.", "Батайск";
"Ростовская обл.", "Белая Калитва";
"Ростовская обл.", "Боковская";
"Ростовская обл.", "Большая Мартыновка";
"Ростовская обл.", "Вешенская";
"Ростовская обл.", "Волгодонск";
"Ростовская обл.", "Восход";
"Ростовская обл.", "Гигант";
"Ростовская обл.", "Горняцкий";
"Ростовская обл.", "Гуково";
"Ростовская обл.", "Донецк";
"Ростовская обл.", "Донской";
"Ростовская обл.", "Дубовское";
"Ростовская обл.", "Егорлыкская";
"Ростовская обл.", "Жирнов";
"Ростовская обл.", "Заветное";
"Ростовская обл.", "Заводской";
"Ростовская обл.", "Зверево";
"Ростовская обл.", "Зерноград";
"Ростовская обл.", "Зимовники";
"Ростовская обл.", "Кагальницкая";
"Ростовская обл.", "Казанская";
"Ростовская обл.", "Каменоломни";
"Ростовская обл.", "Каменск-Шахтинский";
"Ростовская обл.", "Кашары";
"Ростовская обл.", "Коксовый";
"Ростовская обл.", "Константиновск";
"Ростовская обл.", "Красный Сулин";
"Ростовская обл.", "Куйбышево";
"Ростовская обл.", "Матвеев Курган";
"Ростовская обл.", "Мигулинская";
"Ростовская обл.", "Миллерово";
"Ростовская обл.", "Милютинская";
"Ростовская обл.", "Морозовск";
"Ростовская обл.", "Новочеркасск";
"Ростовская обл.", "Новошахтинск";
"Ростовская обл.", "Обливская";
"Ростовская обл.", "Орловский";
"Ростовская обл.", "Песчанокопское";
"Ростовская обл.", "Покровское";
"Ростовская обл.", "Пролетарск";
"Ростовская обл.", "Ремонтное";
"Ростовская обл.", "Родионово-Несветайская";
"Ростовская обл.", "Ростов-на-Дону";
"Ростовская обл.", "Сальск";
"Ростовская обл.", "Семикаракорск";
"Ростовская обл.", "Таганрог";
"Ростовская обл.", "Тарасовский";
"Ростовская обл.", "Тацинский";
"Ростовская обл.", "Усть-Донецкий";
"Ростовская обл.", "Целина";
"Ростовская обл.", "Цимлянск";
"Ростовская обл.", "Чалтырь";
"Ростовская обл.", "Чертково";
"Ростовская обл.", "Шахты";
"Ростовская обл.", "Шолоховский";
"Рязанская обл.", "Александро-Невский";
"Рязанская обл.", "Горняк";
"Рязанская обл.", "Гусь Железный";
"Рязанская обл.", "Елатьма";
"Рязанская обл.", "Ермишь";
"Рязанская обл.", "Заречный";
"Рязанская обл.", "Захарово";
"Рязанская обл.", "Кадом";
"Рязанская обл.", "Касимов";
"Рязанская обл.", "Кораблино";
"Рязанская обл.", "Милославское";
"Рязанская обл.", "Михайлов";
"Рязанская обл.", "Пителино";
"Рязанская обл.", "Пронск";
"Рязанская обл.", "Путятино";
"Рязанская обл.", "Рыбное";
"Рязанская обл.", "Ряжск";
"Рязанская обл.", "Рязань";
"Рязанская обл.", "Сапожок";
"Рязанская обл.", "Сараи";
"Рязанская обл.", "Сасово";
"Рязанская обл.", "Скопин";
"Рязанская обл.", "Спас-Клепики";
"Рязанская обл.", "Спасск-Рязанский";
"Рязанская обл.", "Старожилово";
"Рязанская обл.", "Ухолово";
"Рязанская обл.", "Чучково";
"Рязанская обл.", "Шацк";
"Рязанская обл.", "Шилово";
"Самарская обл.", "Алексеевка";
"Самарская обл.", "Безенчук";
"Самарская обл.", "Богатое";
"Самарская обл.", "Богатырь";
"Самарская обл.", "Большая Глущица";
"Самарская обл.", "Большая Черниговка";
"Самарская обл.", "Борское";
"Самарская обл.", "Волжский";
"Самарская обл.", "Жигулевск";
"Самарская обл.", "Зольное";
"Самарская обл.", "Исаклы";
"Самарская обл.", "Камышла";
"Самарская обл.", "Кинель";
"Самарская обл.", "Кинель-Черкасы";
"Самарская обл.", "Клявлино";
"Самарская обл.", "Кошки";
"Самарская обл.", "Красноармейское";
"Самарская обл.", "Красный Яр";
"Самарская обл.", "Куйбышев";
"Самарская обл.", "Нефтегорск";
"Самарская обл.", "Новокуйбышевск";
"Самарская обл.", "Октябрьск";
"Самарская обл.", "Отрадный";
"Самарская обл.", "Пестравка";
"Самарская обл.", "Похвистнево";
"Самарская обл.", "Приволжье";
"Самарская обл.", "Самара";
"Самарская обл.", "Сургут (Самарская обл.)";
"Самарская обл.", "Сызрань";
"Самарская обл.", "Тольятти";
"Самарская обл.", "Хворостянка";
"Самарская обл.", "Чапаевск";
"Самарская обл.", "Челно-Вершины";
"Самарская обл.", "Шентала";
"Самарская обл.", "Шигоны";
"Санкт-Петербург и область", "Александровская";
"Санкт-Петербург и область", "Бокситогорск";
"Санкт-Петербург и область", "Большая Ижора";
"Санкт-Петербург и область", "Будогощь";
"Санкт-Петербург и область", "Вознесенье";
"Санкт-Петербург и область", "Волосово";
"Санкт-Петербург и область", "Волхов";
"Санкт-Петербург и область", "Всеволожск";
"Санкт-Петербург и область", "Выборг";
"Санкт-Петербург и область", "Вырица";
"Санкт-Петербург и область", "Высоцк";
"Санкт-Петербург и область", "Гатчина";
"Санкт-Петербург и область", "Дружная Горка";
"Санкт-Петербург и область", "Дубровка";
"Санкт-Петербург и область", "Ефимовский";
"Санкт-Петербург и область", "Зеленогорск";
"Санкт-Петербург и область", "Ивангород";
"Санкт-Петербург и область", "Каменногорск";
"Санкт-Петербург и область", "Кикерино";
"Санкт-Петербург и область", "Кингисепп";
"Санкт-Петербург и область", "Кириши";
"Санкт-Петербург и область", "Кировск";
"Санкт-Петербург и область", "Кобринское";
"Санкт-Петербург и область", "Колпино";
"Санкт-Петербург и область", "Коммунар";
"Санкт-Петербург и область", "Кронштадт";
"Санкт-Петербург и область", "Лисий Нос";
"Санкт-Петербург и область", "Лодейное Поле";
"Санкт-Петербург и область", "Ломоносов";
"Санкт-Петербург и область", "Луга";
"Санкт-Петербург и область", "Павловск";
"Санкт-Петербург и область", "Парголово";
"Санкт-Петербург и область", "Петродворец";
"Санкт-Петербург и область", "Пикалёво";
"Санкт-Петербург и область", "Подпорожье";
"Санкт-Петербург и область", "Приозерск";
"Санкт-Петербург и область", "Пушкин";
"Санкт-Петербург и область", "Санкт-Петербург";
"Санкт-Петербург и область", "Сестрорецк";
"Санкт-Петербург и область", "Сланцы";
"Санкт-Петербург и область", "Сосновый Бор";
"Санкт-Петербург и область", "Тихвин";
"Санкт-Петербург и область", "Тосно";
"Санкт-Петербург и область", "Шлиссельбург";
"Саратовская обл.", "Александров Гай";
"Саратовская обл.", "Аркадак";
"Саратовская обл.", "Аткарск";
"Саратовская обл.", "Базарный Карабулак";
"Саратовская обл.", "Балаково";
"Саратовская обл.", "Балашов";
"Саратовская обл.", "Балтай";
"Саратовская обл.", "Возрождение";
"Саратовская обл.", "Вольск";
"Саратовская обл.", "Воскресенское";
"Саратовская обл.", "Горный";
"Саратовская обл.", "Дергачи";
"Саратовская обл.", "Духовницкое";
"Саратовская обл.", "Екатериновка";
"Саратовская обл.", "Ершов";
"Саратовская обл.", "Заречный";
"Саратовская обл.", "Ивантеевка";
"Саратовская обл.", "Калининск";
"Саратовская обл.", "Каменский";
"Саратовская обл.", "Красноармейск";
"Саратовская обл.", "Красный Кут";
"Саратовская обл.", "Лысые Горы";
"Саратовская обл.", "Маркс";
"Саратовская обл.", "Мокроус";
"Саратовская обл.", "Новоузенск";
"Саратовская обл.", "Новые Бурасы";
"Саратовская обл.", "Озинки";
"Саратовская обл.", "Перелюб";
"Саратовская обл.", "Петровск";
"Саратовская обл.", "Питерка";
"Саратовская обл.", "Пугачев";
"Саратовская обл.", "Ровное";
"Саратовская обл.", "Романовка";
"Саратовская обл.", "Ртищево";
"Саратовская обл.", "Самойловка";
"Саратовская обл.", "Саратов";
"Саратовская обл.", "Степное";
"Саратовская обл.", "Татищево";
"Саратовская обл.", "Турки";
"Саратовская обл.", "Хвалынск";
"Саратовская обл.", "Энгельс";
"Саха (Якутия)", "Абый";
"Саха (Якутия)", "Алдан";
"Саха (Якутия)", "Амга";
"Саха (Якутия)", "Батагай";
"Саха (Якутия)", "Бердигестях";
"Саха (Якутия)", "Беркакит";
"Саха (Якутия)", "Бестях";
"Саха (Якутия)", "Борогонцы";
"Саха (Якутия)", "Верхневилюйск";
"Саха (Якутия)", "Верхнеколымск";
"Саха (Якутия)", "Верхоянск";
"Саха (Якутия)", "Вилюйск";
"Саха (Якутия)", "Витим";
"Саха (Якутия)", "Власово";
"Саха (Якутия)", "Жиганск";
"Саха (Якутия)", "Зырянка";
"Саха (Якутия)", "Кангалассы";
"Саха (Якутия)", "Канкунский";
"Саха (Якутия)", "Ленск";
"Саха (Якутия)", "Майя";
"Саха (Якутия)", "Менкеря";
"Саха (Якутия)", "Мирный";
"Саха (Якутия)", "Нерюнгри";
"Саха (Якутия)", "Нычалах";
"Саха (Якутия)", "Нюрба";
"Саха (Якутия)", "Олекминск";
"Саха (Якутия)", "Покровск";
"Саха (Якутия)", "Сангар";
"Саха (Якутия)", "Саскылах";
"Саха (Якутия)", "Среднеколымск";
"Саха (Якутия)", "Сунтар";
"Саха (Якутия)", "Тикси";
"Саха (Якутия)", "Усть-Мая";
"Саха (Якутия)", "Усть-Нера";
"Саха (Якутия)", "Хандыга";
"Саха (Якутия)", "Хонуу";
"Саха (Якутия)", "Черский";
"Саха (Якутия)", "Чокурдах";
"Саха (Якутия)", "Чурапча";
"Саха (Якутия)", "Якутск";
"Сахалин", "Александровск-Сахалинский";
"Сахалин", "Анбэцу";
"Сахалин", "Анива";
"Сахалин", "Бошняково";
"Сахалин", "Быков";
"Сахалин", "Вахрушев";
"Сахалин", "Взморье";
"Сахалин", "Гастелло";
"Сахалин", "Горнозаводск";
"Сахалин", "Долинск";
"Сахалин", "Ильинский";
"Сахалин", "Катангли";
"Сахалин", "Корсаков";
"Сахалин", "Курильск";
"Сахалин", "Макаров";
"Сахалин", "Невельск";
"Сахалин", "Ноглики";
"Сахалин", "Оха";
"Сахалин", "Поронайск";
"Сахалин", "Северо-Курильск";
"Сахалин", "Смирных";
"Сахалин", "Томари";
"Сахалин", "Тымовское";
"Сахалин", "Углегорск";
"Сахалин", "Холмск";
"Сахалин", "Шахтерск";
"Сахалин", "Южно-Курильск";
"Сахалин", "Южно-Сахалинск";
"Свердловская обл.", "Алапаевск";
"Свердловская обл.", "Алтынай";
"Свердловская обл.", "Арамиль";
"Свердловская обл.", "Артемовский";
"Свердловская обл.", "Арти";
"Свердловская обл.", "Асбест";
"Свердловская обл.", "Ачит";
"Свердловская обл.", "Байкалово";
"Свердловская обл.", "Басьяновский";
"Свердловская обл.", "Белоярский";
"Свердловская обл.", "Березовский";
"Свердловская обл.", "Богданович";
"Свердловская обл.", "Буланаш";
"Свердловская обл.", "Верхний Тагил";
"Свердловская обл.", "Верхняя Пышма";
"Свердловская обл.", "Верхняя Салда";
"Свердловская обл.", "Верхняя Синячиха";
"Свердловская обл.", "Верхняя Сысерть";
"Свердловская обл.", "Верхняя Тура";
"Свердловская обл.", "Верхотурье";
"Свердловская обл.", "Висим";
"Свердловская обл.", "Волчанск";
"Свердловская обл.", "Воронцовка";
"Свердловская обл.", "Гари";
"Свердловская обл.", "Дегтярск";
"Свердловская обл.", "Екатеринбург";
"Свердловская обл.", "Ертарский";
"Свердловская обл.", "Заводоуспенское";
"Свердловская обл.", "Зыряновский";
"Свердловская обл.", "Зюзельский";
"Свердловская обл.", "Ивдель";
"Свердловская обл.", "Изумруд";
"Свердловская обл.", "Ирбит";
"Свердловская обл.", "Ис";
"Свердловская обл.", "Каменск-Уральский";
"Свердловская обл.", "Камышлов";
"Свердловская обл.", "Карпинск";
"Свердловская обл.", "Карпунинский";
"Свердловская обл.", "Качканар";
"Свердловская обл.", "Кировград";
"Свердловская обл.", "Краснотурьинск";
"Свердловская обл.", "Красноуральск";
"Свердловская обл.", "Красноуфимск";
"Свердловская обл.", "Кушва";
"Свердловская обл.", "Лесной";
"Свердловская обл.", "Михайловск";
"Свердловская обл.", "Невьянск";
"Свердловская обл.", "Нижние Серги";
"Свердловская обл.", "Нижний Тагил";
"Свердловская обл.", "Нижняя Салда";
"Свердловская обл.", "Нижняя Тура";
"Свердловская обл.", "Новая Ляля";
"Свердловская обл.", "Новоуральск";
"Свердловская обл.", "Оус";
"Свердловская обл.", "Первоуральск";
"Свердловская обл.", "Полевской";
"Свердловская обл.", "Пышма";
"Свердловская обл.", "Ревда";
"Свердловская обл.", "Реж";
"Свердловская обл.", "Свердловск";
"Свердловская обл.", "Североуральск";
"Свердловская обл.", "Серов";
"Свердловская обл.", "Сосьва";
"Свердловская обл.", "Среднеуральск";
"Свердловская обл.", "Сухой Лог";
"Свердловская обл.", "Сысерть";
"Свердловская обл.", "Таборы";
"Свердловская обл.", "Тавда";
"Свердловская обл.", "Талица";
"Свердловская обл.", "Тугулым";
"Свердловская обл.", "Туринск";
"Свердловская обл.", "Туринская Слобода";
"Северная Осетия", "Алагир";
"Северная Осетия", "Ардон";
"Северная Осетия", "Беслан";
"Северная Осетия", "Бурон";
"Северная Осетия", "Владикавказ";
"Северная Осетия", "Дигора";
"Северная Осетия", "Моздок";
"Северная Осетия", "Орджоникидзе";
"Северная Осетия", "Чикола";
"Смоленская обл.", "Велиж";
"Смоленская обл.", "Верхнеднепровский";
"Смоленская обл.", "Ворга";
"Смоленская обл.", "Вязьма";
"Смоленская обл.", "Гагарин";
"Смоленская обл.", "Глинка";
"Смоленская обл.", "Голынки";
"Смоленская обл.", "Демидов";
"Смоленская обл.", "Десногорск";
"Смоленская обл.", "Дорогобуж";
"Смоленская обл.", "Духовщина";
"Смоленская обл.", "Екимовичи";
"Смоленская обл.", "Ельня";
"Смоленская обл.", "Ершичи";
"Смоленская обл.", "Издешково";
"Смоленская обл.", "Кардымово";
"Смоленская обл.", "Красный";
"Смоленская обл.", "Монастырщина";
"Смоленская обл.", "Новодугино";
"Смоленская обл.", "Починок";
"Смоленская обл.", "Рославль";
"Смоленская обл.", "Рудня";
"Смоленская обл.", "Сафоново";
"Смоленская обл.", "Смоленск";
"Смоленская обл.", "Сычевка";
"Смоленская обл.", "Угра";
"Смоленская обл.", "Хиславичи";
"Смоленская обл.", "Холм-Жирковский";
"Смоленская обл.", "Шумячи";
"Смоленская обл.", "Ярцево";
"Ставропольский край", "Александровское";
"Ставропольский край", "Арзгир";
"Ставропольский край", "Благодарный";
"Ставропольский край", "Буденновск";
"Ставропольский край", "Георгиевск";
"Ставропольский край", "Дивное";
"Ставропольский край", "Домбай";
"Ставропольский край", "Донское";
"Ставропольский край", "Ессентуки";
"Ставропольский край", "Железноводск";
"Ставропольский край", "Зеленокумск";
"Ставропольский край", "Изобильный";
"Ставропольский край", "Иноземцево";
"Ставропольский край", "Ипатово";
"Ставропольский край", "Карачаевск";
"Ставропольский край", "Кисловодск";
"Ставропольский край", "Кочубеевское";
"Ставропольский край", "Красногвардейское";
"Ставропольский край", "Курсавка";
"Ставропольский край", "Левокумское";
"Ставропольский край", "Минеральные Воды";
"Ставропольский край", "Невинномысск";
"Ставропольский край", "Нефтекумск";
"Ставропольский край", "Новоалександровск";
"Ставропольский край", "Новоалександровская";
"Ставропольский край", "Новопавловск";
"Ставропольский край", "Новоселицкое";
"Ставропольский край", "Преградная";
"Ставропольский край", "Пятигорск";
"Ставропольский край", "Светлоград";
"Ставропольский край", "Солнечнодольск";
"Ставропольский край", "Ставрополь";
"Ставропольский край", "Степное";
"Ставропольский край", "Теберда";
"Ставропольский край", "Усть-Джегута";
"Ставропольский край", "Хабез";
"Ставропольский край", "Черкесск";
"Тамбовская обл.", "Бондари";
"Тамбовская обл.", "Гавриловка Вторая";
"Тамбовская обл.", "Жердевка";
"Тамбовская обл.", "Знаменка";
"Тамбовская обл.", "Инжавино";
"Тамбовская обл.", "Кирсанов";
"Тамбовская обл.", "Котовск";
"Тамбовская обл.", "Мичуринск";
"Тамбовская обл.", "Мордово";
"Тамбовская обл.", "Моршанск";
"Тамбовская обл.", "Мучкапский";
"Тамбовская обл.", "Первомайский";
"Тамбовская обл.", "Петровское";
"Тамбовская обл.", "Пичаево";
"Тамбовская обл.", "Рассказово";
"Тамбовская обл.", "Ржакса";
"Тамбовская обл.", "Староюрьево";
"Тамбовская обл.", "Тамбов";
"Тамбовская обл.", "Токаревка";
"Тамбовская обл.", "Уварово";
"Тамбовская обл.", "Умет";
"Татарстан", "Агрыз";
"Татарстан", "Азнакаево";
"Татарстан", "Аксубаево";
"Татарстан", "Актюбинский";
"Татарстан", "Алексеевское";
"Татарстан", "Альметьевск";
"Татарстан", "Альметьевск";
"Татарстан", "Апастово";
"Татарстан", "Арск";
"Татарстан", "Бавлы";
"Татарстан", "Базарные Матаки";
"Татарстан", "Балтаси";
"Татарстан", "Богатые Сабы";
"Татарстан", "Брежнев";
"Татарстан", "Бугульма";
"Татарстан", "Буинск";
"Татарстан", "Васильево";
"Татарстан", "Верхний Услон";
"Татарстан", "Высокая Гора";
"Татарстан", "Дербешкинский";
"Татарстан", "Елабуга";
"Татарстан", "Заинск";
"Татарстан", "Зеленодольск";
"Татарстан", "Казань";
"Татарстан", "Камское Устье";
"Татарстан", "Карабаш";
"Татарстан", "Куйбышев";
"Татарстан", "Кукмод";
"Татарстан", "Кукмор";
"Татарстан", "Лаишево";
"Татарстан", "Лениногорск";
"Татарстан", "Мамадыш";
"Татарстан", "Менделеевск";
"Татарстан", "Мензелинск";
"Татарстан", "Муслюмово";
"Татарстан", "Набережные Челны";
"Татарстан", "Нижнекамск";
"Татарстан", "Новошешминск";
"Татарстан", "Нурлат";
"Татарстан", "Пестрецы";
"Татарстан", "Рыбная Слобода";
"Татарстан", "Сарманово";
"Татарстан", "Старое Дрожжаное";
"Татарстан", "Тетюши";
"Татарстан", "Чистополь";
"Тверская обл.", "Андреаполь";
"Тверская обл.", "Бежецк";
"Тверская обл.", "Белый";
"Тверская обл.", "Белый Городок";
"Тверская обл.", "Березайка";
"Тверская обл.", "Бологое";
"Тверская обл.", "Васильевский Мох";
"Тверская обл.", "Выползово";
"Тверская обл.", "Вышний Волочек";
"Тверская обл.", "Жарковский";
"Тверская обл.", "Западная Двина";
"Тверская обл.", "Заречье";
"Тверская обл.", "Зубцов";
"Тверская обл.", "Изоплит";
"Тверская обл.", "Калашниково";
"Тверская обл.", "Калинин";
"Тверская обл.", "Калязин";
"Тверская обл.", "Кашин";
"Тверская обл.", "Кесова Гора";
"Тверская обл.", "Кимры";
"Тверская обл.", "Конаково";
"Тверская обл.", "Красный Холм";
"Тверская обл.", "Кувшиново";
"Тверская обл.", "Лесное";
"Тверская обл.", "Лихославль";
"Тверская обл.", "Максатиха";
"Тверская обл.", "Молоково";
"Тверская обл.", "Нелидово";
"Тверская обл.", "Оленино";
"Тверская обл.", "Осташков";
"Тверская обл.", "Пено";
"Тверская обл.", "Рамешки";
"Тверская обл.", "Ржев";
"Тверская обл.", "Сандово";
"Тверская обл.", "Селижарово";
"Тверская обл.", "Сонково";
"Тверская обл.", "Спирово";
"Тверская обл.", "Старица";
"Тверская обл.", "Тверь";
"Тверская обл.", "Торжок";
"Тверская обл.", "Торопец";
"Тверская обл.", "Удомля";
"Тверская обл.", "Фирово";
"Томская обл.", "Александровское";
"Томская обл.", "Асино";
"Томская обл.", "Бакчар";
"Томская обл.", "Батурино";
"Томская обл.", "Белый Яр";
"Томская обл.", "Зырянское";
"Томская обл.", "Итатка";
"Томская обл.", "Каргасок";
"Томская обл.", "Катайга";
"Томская обл.", "Кожевниково";
"Томская обл.", "Колпашево";
"Томская обл.", "Кривошеино";
"Томская обл.", "Мельниково";
"Томская обл.", "Молчаново";
"Томская обл.", "Парабель";
"Томская обл.", "Первомайское";
"Томская обл.", "Подгорное";
"Томская обл.", "Северск";
"Томская обл.", "Стрежевой";
"Томская обл.", "Томск";
"Томская обл.", "Тымск";
"Тува (Тувинская Респ.)", "Ак-Довурак";
"Тува (Тувинская Респ.)", "Бай Хаак";
"Тува (Тувинская Респ.)", "Кызыл";
"Тува (Тувинская Респ.)", "Самагалтай";
"Тува (Тувинская Респ.)", "Сарыг-Сеп";
"Тува (Тувинская Респ.)", "Суть-Холь";
"Тува (Тувинская Респ.)", "Тоора-Хем";
"Тува (Тувинская Респ.)", "Туран";
"Тува (Тувинская Респ.)", "Тээли";
"Тува (Тувинская Респ.)", "Хову-Аксы";
"Тува (Тувинская Респ.)", "Чадан";
"Тува (Тувинская Респ.)", "Шагонар";
"Тува (Тувинская Респ.)", "Эрзин";
"Тульская обл.", "Агеево";
"Тульская обл.", "Алексин";
"Тульская обл.", "Арсеньево";
"Тульская обл.", "Барсуки";
"Тульская обл.", "Бегичевский";
"Тульская обл.", "Белев";
"Тульская обл.", "Богородицк";
"Тульская обл.", "Болохово";
"Тульская обл.", "Велегож";
"Тульская обл.", "Венев";
"Тульская обл.", "Волово";
"Тульская обл.", "Горелки";
"Тульская обл.", "Донской";
"Тульская обл.", "Дубна";
"Тульская обл.", "Епифань";
"Тульская обл.", "Ефремов";
"Тульская обл.", "Заокский";
"Тульская обл.", "Казановка";
"Тульская обл.", "Кимовск";
"Тульская обл.", "Киреевск";
"Тульская обл.", "Куркино";
"Тульская обл.", "Ленинский";
"Тульская обл.", "Новомосковск";
"Тульская обл.", "Одоев";
"Тульская обл.", "Плавск";
"Тульская обл.", "Суворов";
"Тульская обл.", "Тула";
"Тульская обл.", "Узловая";
"Тульская обл.", "Щекино";
"Тульская обл.", "Ясногорск";
"Тюменская обл.", "Абатский";
"Тюменская обл.", "Аксарка";
"Тюменская обл.", "Армизонское";
"Тюменская обл.", "Аромашево";
"Тюменская обл.", "Белоярский";
"Тюменская обл.", "Бердюжье";
"Тюменская обл.", "Большое Сорокино";
"Тюменская обл.", "Вагай";
"Тюменская обл.", "Викулово";
"Тюменская обл.", "Винзили";
"Тюменская обл.", "Голышманово";
"Тюменская обл.", "Губкинский";
"Тюменская обл.", "Заводопетровский";
"Тюменская обл.", "Заводоуковск";
"Тюменская обл.", "Излучинск";
"Тюменская обл.", "Исетское";
"Тюменская обл.", "Ишим";
"Тюменская обл.", "Казанское";
"Тюменская обл.", "Казым-Мыс";
"Тюменская обл.", "Когалым";
"Тюменская обл.", "Кондинское";
"Тюменская обл.", "Красноселькуп";
"Тюменская обл.", "Лабытнанги";
"Тюменская обл.", "Ларьяк";
"Тюменская обл.", "Мегион";
"Тюменская обл.", "Мужи";
"Тюменская обл.", "Муравленко";
"Тюменская обл.", "Надым";
"Тюменская обл.", "Находка";
"Тюменская обл.", "Нефтеюганск";
"Тюменская обл.", "Нижневартовск";
"Тюменская обл.", "Нижняя Тавда";
"Тюменская обл.", "Новый Уренгой";
"Тюменская обл.", "Ноябрьск";
"Тюменская обл.", "Нягань";
"Тюменская обл.", "Октябрьское";
"Тюменская обл.", "Омутинский";
"Тюменская обл.", "Радужный";
"Тюменская обл.", "Салехард";
"Тюменская обл.", "Сладково";
"Тюменская обл.", "Советский";
"Тюменская обл.", "Сургут";
"Тюменская обл.", "Тазовский";
"Тюменская обл.", "Тарко-Сале";
"Тюменская обл.", "Тобольск";
"Тюменская обл.", "Тюмень";
"Тюменская обл.", "Уват";
"Тюменская обл.", "Унъюган";
"Тюменская обл.", "Упорово";
"Тюменская обл.", "Урай";
"Тюменская обл.", "Ханты-Мансийск";
"Тюменская обл.", "Юрибей";
"Тюменская обл.", "Ялуторовск";
"Тюменская обл.", "Яр-Сале";
"Тюменская обл.", "Ярково";
"Удмуртия", "Алнаши";
"Удмуртия", "Балезино";
"Удмуртия", "Вавож";
"Удмуртия", "Воткинск";
"Удмуртия", "Глазов";
"Удмуртия", "Грахово";
"Удмуртия", "Дебесы";
"Удмуртия", "Завьялово";
"Удмуртия", "Игра";
"Удмуртия", "Ижевск";
"Удмуртия", "Кама";
"Удмуртия", "Камбарка";
"Удмуртия", "Каракулино";
"Удмуртия", "Кез";
"Удмуртия", "Кизнер";
"Удмуртия", "Киясово";
"Удмуртия", "Красногорское";
"Удмуртия", "Можга";
"Удмуртия", "Сарапул";
"Удмуртия", "Селты";
"Удмуртия", "Сюмси";
"Удмуртия", "Ува";
"Удмуртия", "Устинов";
"Удмуртия", "Шаркан";
"Удмуртия", "Юкаменское";
"Удмуртия", "Якшур-Бодья";
"Удмуртия", "Яр";
"Ульяновская обл.", "Базарный Сызган";
"Ульяновская обл.", "Барыш";
"Ульяновская обл.", "Большое Нагаткино";
"Ульяновская обл.", "Вешкайма";
"Ульяновская обл.", "Глотовка";
"Ульяновская обл.", "Димитровград";
"Ульяновская обл.", "Игнатовка";
"Ульяновская обл.", "Измайлово";
"Ульяновская обл.", "Инза";
"Ульяновская обл.", "Ишеевка";
"Ульяновская обл.", "Канадей";
"Ульяновская обл.", "Карсун";
"Ульяновская обл.", "Кузоватово";
"Ульяновская обл.", "Майна";
"Ульяновская обл.", "Новая Малыкла";
"Ульяновская обл.", "Новоспасское";
"Ульяновская обл.", "Павловка";
"Ульяновская обл.", "Радищево";
"Ульяновская обл.", "Сенгилей";
"Ульяновская обл.", "Старая Кулатка";
"Ульяновская обл.", "Старая Майна";
"Ульяновская обл.", "Сурское";
"Ульяновская обл.", "Тереньга";
"Ульяновская обл.", "Ульяновск";
"Ульяновская обл.", "Чердаклы";
"Уральская обл.", "Аксай";
"Уральская обл.", "Дарьинское";
"Уральская обл.", "Деркул";
"Уральская обл.", "Джамбейты";
"Уральская обл.", "Джаныбек";
"Уральская обл.", "Казталовка";
"Уральская обл.", "Калмыково";
"Уральская обл.", "Каратобе";
"Уральская обл.", "Переметное";
"Уральская обл.", "Сайхин";
"Уральская обл.", "Уральск";
"Уральская обл.", "Федоровка";
"Уральская обл.", "Фурманово";
"Уральская обл.", "Чапаев";
"Хабаровский край", "Амурск";
"Хабаровский край", "Аян";
"Хабаровский край", "Березовый";
"Хабаровский край", "Бикин";
"Хабаровский край", "Бира";
"Хабаровский край", "Биракан";
"Хабаровский край", "Богородское";
"Хабаровский край", "Болонь";
"Хабаровский край", "Ванино";
"Хабаровский край", "Волочаевка Вторая";
"Хабаровский край", "Высокогорный";
"Хабаровский край", "Вяземский";
"Хабаровский край", "Горный";
"Хабаровский край", "Гурское";
"Хабаровский край", "Дормидонтовка";
"Хабаровский край", "Заветы Ильича";
"Хабаровский край", "Известковый";
"Хабаровский край", "Иннокентьевка";
"Хабаровский край", "Комсомольск-на-Амуре";
"Хабаровский край", "Ленинское";
"Хабаровский край", "Нелькан";
"Хабаровский край", "Николаевск-на-Амуре";
"Хабаровский край", "Облучье";
"Хабаровский край", "Охотск";
"Хабаровский край", "Переяславка";
"Хабаровский край", "Смидович";
"Хабаровский край", "Советская Гавань";
"Хабаровский край", "Софийск";
"Хабаровский край", "Троицкое";
"Хабаровский край", "Тугур";
"Хабаровский край", "Хабаровск";
"Хабаровский край", "Чегдомын";
"Хабаровский край", "Чумикан";
"Хакасия", "Абакан";
"Хакасия", "Саяногорск";
"Ханты-Мансийский АО", "Аган";
"Ханты-Мансийский АО", "Игрим";
"Ханты-Мансийский АО", "Излучинск";
"Ханты-Мансийский АО", "Лангепас";
"Ханты-Мансийский АО", "Лянтор";
"Ханты-Мансийский АО", "Мегион";
"Ханты-Мансийский АО", "Нефтеюганск";
"Ханты-Мансийский АО", "Нижневартовск";
"Ханты-Мансийский АО", "Нягань";
"Ханты-Мансийский АО", "Покачи";
"Ханты-Мансийский АО", "Приобье";
"Ханты-Мансийский АО", "Пыть-Ях";
"Ханты-Мансийский АО", "Радужный";
"Ханты-Мансийский АО", "Сургут";
"Ханты-Мансийский АО", "Урай";
"Ханты-Мансийский АО", "Ханты-Мансийск";
"Ханты-Мансийский АО", "Югорск";
"Челябинская обл.", "Агаповка";
"Челябинская обл.", "Аргаяш";
"Челябинская обл.", "Аша";
"Челябинская обл.", "Бакал";
"Челябинская обл.", "Бреды";
"Челябинская обл.", "Варна";
"Челябинская обл.", "Верхнеуральск";
"Челябинская обл.", "Верхний Уфалей";
"Челябинская обл.", "Еманжелинск";
"Челябинская обл.", "Златоуст";
"Челябинская обл.", "Карабаш";
"Челябинская обл.", "Карталы";
"Челябинская обл.", "Касли";
"Челябинская обл.", "Катав-Ивановск";
"Челябинская обл.", "Копейск";
"Челябинская обл.", "Коркино";
"Челябинская обл.", "Кунашак";
"Челябинская обл.", "Куса";
"Челябинская обл.", "Кыштым";
"Челябинская обл.", "Магнитогорск";
"Челябинская обл.", "Миасс";
"Челябинская обл.", "Озерск";
"Челябинская обл.", "Октябрьское";
"Челябинская обл.", "Пласт";
"Челябинская обл.", "Сатка";
"Челябинская обл.", "Сим";
"Челябинская обл.", "Снежинск";
"Челябинская обл.", "Трехгорный";
"Челябинская обл.", "Троицк";
"Челябинская обл.", "Увельский";
"Челябинская обл.", "Уйское";
"Челябинская обл.", "Усть-Катав";
"Челябинская обл.", "Фершампенуаз";
"Челябинская обл.", "Чебаркуль";
"Челябинская обл.", "Челябинск";
"Челябинская обл.", "Чесма";
"Челябинская обл.", "Южно-Уральск";
"Челябинская обл.", "Юрюзань";
"Чечено-Ингушетия", "Аргун";
"Чечено-Ингушетия", "Грозный";
"Чечено-Ингушетия", "Гудермез";
"Чечено-Ингушетия", "Малгобек";
"Чечено-Ингушетия", "Назрань";
"Чечено-Ингушетия", "Наурская";
"Чечено-Ингушетия", "Ножай-Юрт";
"Чечено-Ингушетия", "Орджоникидзевская";
"Чечено-Ингушетия", "Советское";
"Чечено-Ингушетия", "Урус-Мартан";
"Чечено-Ингушетия", "Шали";
"Читинская обл.", "Агинское";
"Читинская обл.", "Аксеново-Зиловское";
"Читинская обл.", "Акша";
"Читинская обл.", "Александровский Завод";
"Читинская обл.", "Амазар";
"Читинская обл.", "Арбагар";
"Читинская обл.", "Атамановка";
"Читинская обл.", "Балей";
"Читинская обл.", "Борзя";
"Читинская обл.", "Букачача";
"Читинская обл.", "Газимурский Завод";
"Читинская обл.", "Давенда";
"Читинская обл.", "Дарасун";
"Читинская обл.", "Дровяная";
"Читинская обл.", "Дульдурга";
"Читинская обл.", "Жиндо";
"Читинская обл.", "Забайкальск";
"Читинская обл.", "Итака";
"Читинская обл.", "Калга";
"Читинская обл.", "Карымское";
"Читинская обл.", "Кличка";
"Читинская обл.", "Ключевский";
"Читинская обл.", "Кокуй";
"Читинская обл.", "Краснокаменск";
"Читинская обл.", "Красный Чикой";
"Читинская обл.", "Кыра";
"Читинская обл.", "Моготуй";
"Читинская обл.", "Могоча";
"Читинская обл.", "Нерчинск";
"Читинская обл.", "Нерчинский Завод";
"Читинская обл.", "Нижний Часучей";
"Читинская обл.", "Оловянная";
"Читинская обл.", "Первомайский";
"Читинская обл.", "Петровск-Забайкальский";
"Читинская обл.", "Приаргунск";
"Читинская обл.", "Сретенск";
"Читинская обл.", "Тупик";
"Читинская обл.", "Улеты";
"Читинская обл.", "Хилок";
"Читинская обл.", "Чара";
"Читинская обл.", "Чернышевск";
"Читинская обл.", "Чита";
"Читинская обл.", "Шелопугино";
"Читинская обл.", "Шилка";
"Чувашия", "Алатырь";
"Чувашия", "Аликово";
"Чувашия", "Батырева";
"Чувашия", "Буинск";
"Чувашия", "Вурнары";
"Чувашия", "Ибреси";
"Чувашия", "Канаш";
"Чувашия", "Киря";
"Чувашия", "Комсомольское";
"Чувашия", "Красноармейское";
"Чувашия", "Красные Четаи";
"Чувашия", "Кугеси";
"Чувашия", "Мариинский Посад";
"Чувашия", "Моргауши";
"Чувашия", "Новочебоксарск";
"Чувашия", "Порецкое";
"Чувашия", "Урмары";
"Чувашия", "Цивильск";
"Чувашия", "Чебоксары";
"Чувашия", "Шемурша";
"Чувашия", "Шумерля";
"Чувашия", "Ядрин";
"Чувашия", "Яльчики";
"Чувашия", "Янтиково";
"Чукотский АО", "Анадырь";
"Чукотский АО", "Билибино";
"Ямало-Ненецкий АО", "Губкинский";
"Ямало-Ненецкий АО", "Заполярный";
"Ямало-Ненецкий АО", "Муравленко";
"Ямало-Ненецкий АО", "Надым";
"Ямало-Ненецкий АО", "Новый Уренгой";
"Ямало-Ненецкий АО", "Ноябрьск";
"Ямало-Ненецкий АО", "Пуровск";
"Ямало-Ненецкий АО", "Салехард";
"Ямало-Ненецкий АО", "Тарко";
"Ярославская обл.", "Андропов";
"Ярославская обл.", "Берендеево";
"Ярославская обл.", "Большое Село";
"Ярославская обл.", "Борисоглебский";
"Ярославская обл.", "Брейтово";
"Ярославская обл.", "Бурмакино";
"Ярославская обл.", "Варегово";
"Ярославская обл.", "Волга";
"Ярославская обл.", "Гаврилов Ям";
"Ярославская обл.", "Данилов";
"Ярославская обл.", "Любим";
"Ярославская обл.", "Мышкино";
"Ярославская обл.", "Некрасовское";
"Ярославская обл.", "Новый Некоуз";
"Ярославская обл.", "Переславль-Залесский";
"Ярославская обл.", "Пошехонье-Володарск";
"Ярославская обл.", "Ростов";
"Ярославская обл.", "Рыбинск";
"Ярославская обл.", "Тутаев";
"Ярославская обл.", "Углич";
"Ярославская обл.", "Ярославль";
